Title,Institution,Field/Division,Fit Score (1-10),Fit Reason,Research Topics,Tenure Track,Location,Deadline,Deadline Date,Salary,Summary (Gemini),Link,Source,Date Added,Last Verified,Status,Latitude,Longitude,ID
Instructor or Assistant Professor - Library,LaGuardia Community College,Transportation / Civil Engineering,,,,Unspecified,"Long Island City, New York, US",2026-10-02,2026-10-02,Not specified,"Instructor or Assistant Professor - Library Employer LaGuardia Community College Location Long Island City, New York (US) Salary Commensurate with education and experience Date posted Sep 4, 2026 View",https://jobs.chronicle.com/job/38033690/instructor-or-assistant-professor-library/,Chronicle,2026-09-27,2026-10-02,Active,40.7441527,-73.9379344,372c2e3c8ef90b47
Assistant Professor in Regional and Urban Planning,University College Dublin,UCD School of Architecture,,,,Unspecified,"Dublin, Ireland",2026-10-06,2026-10-06,Not specified,"Assistant Professor in Regional and Urban Planning UCD School of Architecture University College Dublin Location:
            Dublin Salary: £57,454.37 to £90,980.66
                                  ",https://www.jobs.ac.uk/job/DSY140/assistant-professor-in-regional-and-urban-planning,Jobs.ac.uk,2026-10-02,2026-10-02,Active,53.3082,-6.2238,d042d0e38cf2b00a
Assistant Professor in Midwifery,University of Bradford,Faculty of Health Studies - School of Allied Health Professions and Midwifery,,,,Unspecified,Bradford,2026-10-13,2026-10-13,Not specified,"Assistant Professor in Midwifery Faculty of Health Studies - School of Allied Health Professions and Midwifery University of Bradford Location:
            Bradford Salary: £48,882 to £56,535 Date Pla",https://www.jobs.ac.uk/job/DTA347/assistant-professor-in-midwifery,Jobs.ac.uk,2026-09-27,2026-10-02,Active,53.7916522,-1.7661184,cd363a90b5bad39d
"Assistant Professor - Canada Impact+ Emerging Leader in Environment, Climate Resilience, and the Arctic and the Law",University of Manitoba,Faculty of Law,,,,Unspecified,Winnipeg,2026-10-15,2026-10-15,Not specified,"Assistant Professor - Canada Impact+ Emerging Leader in Environment, Climate Resilience, and the Arctic and the Law Faculty of Law University of Manitoba Location:
            Winnipeg Salary: Not Spe",https://www.jobs.ac.uk/job/DSY499/assistant-professor-canada-impact-emerging-leader-in-environment-climate-resilience-and-the-arctic-and-the-law,Jobs.ac.uk,2026-09-27,2026-10-02,Active,49.8094,-97.1327,5e8c368729ba8f92
Assistant Professor of Business Analytics,University of Puget Sound,Transportation / Civil Engineering,,,,Unspecified,"Tacoma, Washington State, US",2026-10-15,2026-10-15,Not specified,"Assistant Professor of Business Analytics Employer University of Puget Sound Location Tacoma, Washington State (US) Salary Salary is commensurate with education and experience. Date posted Sep 4, 2026",https://jobs.chronicle.com/job/38033792/assistant-professor-of-business-analytics/,Chronicle,2026-10-01,2026-10-02,Active,47.261437,-122.4809573,61114277d3d1d45d
Tenure-Track Professor of Land Use and Resilience (Open Rank),University of Michigan,"Urban and Regional Planning Program, Taubman College of Architecture and Urban Planning",4,"While the candidate has a background in urban planning, this position focuses specifically on land use and climate resilience planning rather than the candidate's core expertise in transportation engineering, transit planning, or travel behavior.","Land Use Planning, Climate Resilience, Urban and Regional Planning, Environmental Disparities",Tenure-Track,"Ann Arbor, MI",2026-10-16,2026-10-16,Not specified,"The University of Michigan seeks an open-rank tenure-track faculty member in land use and resilience planning within the Urban and Regional Planning Program, requiring a terminal degree in planning or a related discipline. | Research Topics: Land Use Planning, Climate Resilience, Urban and Regional Planning, Environmental Disparities",https://www.linkedin.com/jobs/view/tenure-track-professor-of-land-use-and-resilience-open-rank-at-university-of-michigan-4422103936,LinkedIn,2026-09-19,2026-10-02,Active,42.278,-83.7382,6d685e6e729ffedd
Assistant or Associate Professor x2 (112030-0826),University of Warwick,Transportation Engineering,,,,Unspecified,"Coventry, England, United Kingdom",2026-10-18,2026-10-18,Not specified,"About The Role Informal Queries For informal queries about the role, please contact Professor James Robinson (Head of Department, Mathematics) at J.C.Robinson@warwick.ac.uk or Professor Marie-Therese",https://uk.linkedin.com/jobs/view/assistant-or-associate-professor-x2-112030-0826-at-university-of-warwick-4459612809,LinkedIn,2026-09-27,2026-10-02,Active,52.3813073,-1.5639569,7c1c15e77aa2d698
Assistant/Associate Professor of Public Administration & MPA Coordinator,University of New Orleans,Department of Political Science / Division of Planning and Public Affairs,3,"The position is for an Assistant/Associate Professor of Public Administration and MPA Coordinator in a political science and public affairs division, which does not align with the candidate's core transportation engineering and travel behavior research profile.","Public Administration, Public Policy, Nonprofit Management, Emergency Management",Tenure-Track,"New Orleans, LA",Priority: 2026-10-19 / Final: Open until filled,2026-10-19,Not specified,"The Department of Political Science seeks a tenure-track Assistant or Associate Professor of Public Administration to teach graduate MPA courses, serve as Program Coordinator, and maintain an active research agenda requiring a Ph.D. in Public Administration, Political Science, or a closely related field. | Research Topics: Public Administration, Public Policy, Nonprofit Management, Emergency Management",https://www.linkedin.com/jobs/view/assistant-associate-professor-public-administration-master-of-public-administration-coordinator-at-uno-transportation-institute-4466545068,LinkedIn,2026-09-16,2026-09-16,Active,29.9561422,-90.0733934,0bd357a7efab4a73
Professional-Practice Assistant Professor in Journalism,The Ohio State University School of Communication,Transportation / Civil Engineering,,,,Unspecified,"Columbus, Ohio, US",2026-10-19,2026-10-19,Not specified,"Professional-Practice Assistant Professor in Journalism Employer The Ohio State University School of Communication Location Columbus, Ohio (US) Salary Competitive Date posted Sep 23, 2026 View more ca",https://jobs.chronicle.com/job/38042786/professional-practice-assistant-professor-in-journalism/,Chronicle,2026-09-28,2026-10-02,Active,40.0067,-83.0305,699288a5d07436e5
"CCIS - Assistant Professor, Tenure-Track, Sports Media, Journalism and Creative Media - 530569","University of Alabama, College of Communication and Information Sciences",Transportation / Civil Engineering,,,,Unspecified,"Tuscaloosa, Alabama, US",2026-10-19,2026-10-19,Not specified,"CCIS - Assistant Professor, Tenure-Track, Sports Media, Journalism and Creative Media - 530569 Employer University of Alabama, College of Communication and Information Sciences Location Tuscaloosa, Al",https://jobs.chronicle.com/job/38042317/ccis-assistant-professor-tenure-track-sports-media-journalism-and-creative-media-530569/,Chronicle,2026-09-28,2026-10-02,Active,33.2095614,-87.5675258,7910f26bbe0561d3
Professor / Associate Professor / Assistant Professor,THE HONG KONG POLYTECHNIC UNIVERSITY,Transportation / Civil Engineering,,,,Unspecified,HK,2026-10-21,2026-10-21,Not specified,"Professor / Associate Professor / Assistant Professor Employer THE HONG KONG POLYTECHNIC UNIVERSITY Location Hong Kong Salary Competitive Date posted Aug 21, 2026 View more categories View less catego",https://jobs.chronicle.com/job/38028368/professor-associate-professor-assistant-professor/,Chronicle,2026-09-28,2026-10-01,Active,22.3045,114.1797,09d04da628fd08f9
Assistant/Associate Professor of Civil Engineering (Transportation),Trine University,Reiners Department of Civil and Environmental Engineering,6,This is a broad Civil Engineering assistant/associate professor position at a teaching-focused institution where transportation engineering is explicitly listed as a primary teaching and curricular requirement.,"Transportation Engineering, Undergraduate Engineering Education, Geographic Information Systems (GIS), Civil Engineering Curriculum",Tenure-Track,"Angola, IN",2026-10-22,2026-10-22,Based on qualifications,"Trine University seeks a full-time Assistant or Associate Professor of Civil Engineering with a specialization in transportation to teach undergraduate courses, engage students in applied projects, and support program accreditation, requiring a Ph.D. in Civil Engineering or a closely related field. | Research Topics: Transportation Engineering, Undergraduate Engineering Education, Geographic Information Systems (GIS), Civil Engineering Curriculum",https://jobs.chronicle.com/job/38028401/assistant-associate-professor-civil-engineering-transportation-/,Chronicle,2026-09-11,2026-10-02,Active,41.6311141,-85.0105982,9f9cc58aa59ccd96
Assistant Professor (Tenure-Track),Johns Hopkins University,School of Government and Policy,7,"Strong interdisciplinary fit as JHU's new School of Government and Policy explicitly solicits candidates with civil engineering and urban planning backgrounds working on transportation and land use, smart city innovation, and AI governance.","Transportation and Land Use, Urban Innovation and State Capacity, Frontier AI in Government, Public-Sector Technology Adoption",Tenure-Track,"Washington, DC",2026-10-25,2026-10-25,"$100,000 - $200,000 per year","Johns Hopkins University seeks multiple tenure-track Assistant Professors in civil engineering, urban planning, and related fields with research interests in transportation, land use, and AI policy, requiring a Ph.D. or J.D. by the start date. | Research Topics: Transportation and Land Use, Urban Innovation and State Capacity, Frontier AI in Government, Public-Sector Technology Adoption",https://www.higheredjobs.com/search/details.cfm?JobCode=179560444&Title=Assistant%20Professor,HigherEdJobs,2026-09-20,2026-09-24,Active,38.9086858,-77.0395355,3e8b915493d9b1ef
"Tenure-Track & Tenured Faculty in Urban Design, Environmental Planning or Real Estate Finance",Massachusetts Institute of Technology,Transportation / Civil Engineering,,,,Unspecified,"Cambridge, Massachusetts, US",2026-10-25,2026-10-25,Not specified,"Tenure-Track & Tenured Faculty in Urban Design, Environmental Planning or Real Estate Finance Employer Massachusetts Institute of Technology Location Cambridge, Massachusetts (US) Salary Commensurate",https://jobs.chronicle.com/job/38029401/tenure-track-and-tenured-faculty-in-urban-design-environmental-planning-or-real-estate-finance/,Chronicle,2026-10-01,2026-10-02,Active,42.3601,-71.0942,54a836f7760d9e03
"Hourly Pooled - Transportation Services Assistant Supervisor, Demand Response",University of Wyoming,Transportation / Civil Engineering,,,,Unspecified,"Laramie, Wyoming, US",2026-10-26,2026-10-26,Not specified,"Hourly Pooled - Transportation Services Assistant Supervisor, Demand Response Employer University of Wyoming Location Wyoming, United States Salary Salary Not specified Date posted Aug 27, 2026 View m",https://jobs.chronicle.com/job/38030429/hourly-pooled-transportation-services-assistant-supervisor-demand-response/,Chronicle,2026-09-27,2026-10-02,Active,41.314986,-105.5643222,f024c4d9da93eb21
Assistant Professor (Canada Impact+ Emerging Leaders),McGill University,Faculty of Engineering / Trottier Institute for Sustainability in Engineering and Design,3,This broad early-career initiative in the Faculty of Engineering targets clean technology and resource value chains rather than specifically prioritizing transportation engineering or mobility systems.,"Clean Technology, Resource Value Chains, Sustainable Engineering",Tenure-Track,"Montreal, QC",2026-10-27,2026-10-27,Not specified,"McGill University seeks an internationally based early-career researcher for a tenure-track Assistant Professor position focused on clean technology and resource value chains, requiring a PhD. | Research Topics: Clean Technology, Resource Value Chains, Sustainable Engineering",http://engineering.academickeys.com/job/ezohr835/Canada-Impact-Emerging-Leaders,AcademicKeys,2026-09-27,2026-10-02,Active,45.5048,-73.5772,46b9360bc01a5ec3
Assistant Professor,University of Louisville,Transportation / Civil Engineering,,,,Unspecified,"Louisville, Kentucky, US",2026-10-28,2026-10-28,Not specified,"Assistant Professor Employer University of Louisville Location Louisville, Kentucky Salary Salary is commensurate with qualifications and experience Date posted Aug 28, 2026 View more categories View",https://jobs.chronicle.com/job/38030999/assistant-professor/,Chronicle,2026-10-01,2026-10-02,Active,38.2133224,-85.7577075,7d3d0a76d877bbe5
Associate Professor or DTU Tenure Track Assistant Professor in Sustainable Travel Behaviour,Technical University of Denmark,DTU Management,10,"The position is a direct core match for an Assistant or Associate Professor in Sustainable Travel Behaviour, perfectly aligning with the candidate's core expertise in travel behavior analysis.","Sustainable Travel Behaviour, Travel Behavior Analysis, Transportation Planning",Tenure-Track,"Lyngby, Denmark",2026-10-31,2026-10-31,Not specified,"This faculty position at Technical University of Denmark focuses on sustainable travel behavior research and teaching within DTU Management. | Research Topics: Sustainable Travel Behaviour, Travel Behavior Analysis, Transportation Planning",https://www.jobs.ac.uk/job/DTA266/associate-professor-or-dtu-tenure-track-assistant-professor-in-sustainable-travel-behaviour,Jobs.ac.uk,2026-09-23,2026-10-02,Active,55.7856,12.5218,22581fb6f9f6fea0
Assistant Professor of Urban Design,"California State Polytechnic University, Pomona",Department of Urban and Regional Planning,3,"While the position is in a target department (Urban and Regional Planning), it specifically seeks an expert in design-led urban design to teach studio courses, which does not align with the candidate's quantitative transportation engineering and travel behavior modeling background.","Urban Design, Built Environment, Sustainable Design, Community Planning",Tenure-Track,"Pomona, California",2026-10-31,2026-10-31,"$86,328 - $90,648","This tenure-track Assistant Professor role focuses on design-led urban design and studio instruction, requiring at least a master's degree in urban design, architecture, landscape architecture, or a related discipline. | Research Topics: Urban Design, Built Environment, Sustainable Design, Community Planning",https://jobs.chronicle.com/job/38034374/lecturer-ay-urban-and-regional-planning/,Chronicle,2026-10-02,2026-10-02,Active,34.0556686,-117.8239282,4f21b02af598558c
"Faculty Lecturer, Department of Bioengineering McGill University Bioengineering Posted Sep. 22, 2026",Academic Institution,"of Bioengineering University McGill University Montreal, QC, Canada Department Bioengineering",,,,Unspecified,United States,"October 31, 2026",2026-10-31,Not specified,"University Job: Faculty Lecturer, Department of Bioengineering , McGill University Showing jobs in Engineering . Looking for other jobs? Academic Keys (home page) Adjuncts Agriculture Business Communi",http://engineering.academickeys.com/job/e6fq7u53/Faculty-Lecturer-Department-of-Bioengineering,AcademicKeys,2026-09-27,2026-10-02,Active,7.1438798,125.5990517,c7fbb9b6bf0092a8
Faculty Openings,Worcester State University,Transportation / Civil Engineering,,,,Unspecified,"Worcester, Massachusetts, US",2026-10-31,2026-10-31,Not specified,"Faculty Openings Employer Worcester State University Location Massachusetts, United States Salary Competitive Salary Date posted Sep 1, 2026 View more categories View less categories Position Type Fac",https://jobs.chronicle.com/job/38031758/faculty-openings/?LinkSource=PromotedJob,Chronicle,2026-10-01,2026-10-02,Active,42.2677195,-71.8427016,0abc7f3ac357dd0f
"Assistant Professor, Associate Professor, or Professor in Transportation Engineering Systems",University of Central Florida,"Department of Civil, Environmental, and Construction Engineering",10,"This open-rank tenure-track position directly aligns with the candidate's core research in travel behavior, demand modeling, transportation data analytics, and smart mobility within a Civil Engineering department.","Traveler Behavior and Demand Modeling, Econometrics and Data Analytics in Transportation, Smart Mobility and Connected/Automated Vehicles, Traffic Operations and Transportation Logistics",Tenure-Track,"Orlando, FL",Priority: 2026-11-01 / Final: Open until filled,2026-11-01,Negotiable,"UCF invites applications for a tenure-earning Assistant or tenured Associate/Full Professor in Transportation Engineering Systems requiring an earned doctorate in Engineering, Computer Science, or a closely related field. | Research Topics: Traveler Behavior and Demand Modeling, Econometrics and Data Analytics in Transportation, Smart Mobility and Connected/Automated Vehicles, Traffic Operations and Transportation Logistics",https://engineering.academickeys.com/job/q8tz2op9/Assistant-Professor-Associate-Professor-or-Professor-Transportation-Engineering-Systems,AcademicKeys,2026-10-02,2026-10-02,Active,28.599591,-81.1971284,ae92e44a62c477f9
Assistant Professor of Teaching of Urban Planning,"University of California, Los Angeles","Department of Urban Planning, Luskin School of Public Affairs",6,"This is a career-track teaching faculty role in a target Urban Planning department listing transportation among eligible focus areas, but it prioritizes global public affairs contexts outside North America.","Global Public Affairs, Transportation and Infrastructure, Comparative Urbanization, International Urban Planning",Tenure-Track,"Los Angeles, CA",Open until filled,2026-11-01,DOE,"The Department of Urban Planning seeks an Assistant Professor of Teaching with research and teaching interests in global public affairs and planning outside North America, requiring a Ph.D. in a related field. | Research Topics: Global Public Affairs, Transportation and Infrastructure, Comparative Urbanization, International Urban Planning",https://jobs.chronicle.com/job/38020965/assistant-professor-of-teaching-of-urban-planning/,Chronicle,2026-09-13,2026-09-29,Active,34.0536909,-118.242766,fb7ba0794bd02172
Assistant Professor of Urban Economics,Harvard University,Harvard Kennedy School of Government,5,"While transportation is listed among the acceptable research areas, this is an urban economics position in a public policy school preferring junior economists rather than a core engineering or mobility planning appointment.","Urban Economics, Housing, Transportation, Infrastructure",Tenure-Track,"Cambridge, MA",2026-11-01,2026-11-01,165k - 185k,"The Harvard Kennedy School seeks a junior economist to study urban issues including housing, transportation, and infrastructure, requiring a Ph.D. by June 2027. | Research Topics: Urban Economics, Housing, Transportation, Infrastructure",https://jobs.chronicle.com/job/38032116/assistant-professor-urban-economics-/,Chronicle,2026-09-11,2026-10-01,Active,42.3657432,-71.1222139,93251b0fa8170f49
Assistant or Associate Professor in Supply Chain Management,University of Arkansas,"Department of Supply Chain Management, Sam M. Walton College of Business",3,"This tenure-track position is housed within a business school's Supply Chain Management department, which is peripheral to the candidate's core focus on passenger transit planning, travel behavior, and transportation engineering.","Supply Chain Management, Logistics, Operations Management",Tenure-Track,"Fayetteville, AR",2026-11-01,2026-11-01,Not specified,"Tenure-track Assistant or Associate Professor position in Supply Chain Management requiring an earned doctorate and a demonstrated record of peer-reviewed research. | Research Topics: Supply Chain Management, Logistics, Operations Management",https://www.linkedin.com/jobs/view/assistant-or-associate-professor-open-rank-at-university-of-arkansas-%C2%AD-sam-m-walton-college-of-business-4460111187,LinkedIn,2026-09-19,2026-10-02,Active,36.0970389,-94.1703322,c16a694d5f7f68d4
Assistant Professor of Aerospace Engineering,University of Texas at Austin,Department of Aerospace Engineering and Engineering Mechanics,3,"The position is within an Aerospace Engineering department focused on space discovery and advanced air mobility, presenting only peripheral overlap with the candidate's core expertise in surface transportation, travel behavior, and transit planning.","Advanced Air Mobility Solutions, Space Discovery, Observations, and Connectivity",Tenure-Track,"Austin, TX",Priority: 2026-11-01 / Final: Open until filled,2026-11-01,Not specified,"The Department of Aerospace Engineering and Engineering Mechanics invites applications for a tenure-track Assistant Professor specializing in space systems or advanced air mobility, requiring a Ph.D. in engineering or a related discipline. | Research Topics: Advanced Air Mobility Solutions, Space Discovery, Observations, and Connectivity",https://engineering.academickeys.com/job/fq6v1p8t/Assistant-Professor-Fall-2027--Aerospace-Engineering,AcademicKeys,2026-09-27,2026-10-02,Active,30.2849,-97.7341,b762e241121d9f0d
Tenure-Track Assistant/Associate Professor of Urban Planning and Public Service,New York University Robert F. Wagner Graduate School of Public Service,Transportation / Civil Engineering,,,,Unspecified,"New York City, New York, US",2026-11-01,2026-11-01,Not specified,"Tenure-Track Assistant/Associate Professor of Urban Planning and Public Service Employer New York University Robert F. Wagner Graduate School of Public Service Location New York City, New York (US) Sa",https://jobs.chronicle.com/job/38044497/tenure-track-assistant-associate-professor-of-urban-planning-and-public-service/,Chronicle,2026-10-01,2026-10-02,Active,40.7127281,-74.0060152,6aa29a307ed32c5e
"Visiting Assistant Professor, Clinical Mental Health Counseling",Touro University,Transportation / Civil Engineering,,,,Unspecified,"Brooklyn, New York, US",2026-11-01,2026-11-01,Not specified,"Visiting Assistant Professor, Clinical Mental Health Counseling Employer Touro University Location New York City, New York (US) Salary USD $64,000.00/Yr. - USD $80,000.00/Yr. Date posted Sep 1, 2026 V",https://jobs.chronicle.com/job/38031953/visiting-assistant-professor-clinical-mental-health-counseling/?LinkSource=PromotedJob,Chronicle,2026-10-01,2026-10-01,Active,38.0876215,-122.264123,9a77174d440c640c
Teaching Dental Assistant Mobile Clinic,University of the Pacific,Transportation / Civil Engineering,,,,Unspecified,"Sacramento, California, US",2026-11-08,2026-11-08,Not specified,"Teaching Dental Assistant Mobile Clinic Employer University of the Pacific Location California, United States Salary Salary Not specified Date posted Sep 9, 2026 View more categories View less categor",https://jobs.chronicle.com/job/38036146/teaching-dental-assistant-mobile-clinic/,Chronicle,2026-09-27,2026-10-02,Active,37.9804238,-121.3128472,ca60ae0547b1c10e
"Professor, Associate Professor, or Assistant Professor of Industrial and Systems Engineering",Auburn University,Department of Industrial & Systems Engineering,7,Assistant Professor position in Industrial and Systems Engineering with potential interdisciplinary intersections in transportation systems and human systems integration.,"Industrial and Systems Engineering, Human Systems Integration, Operations Research, Systems Engineering",Tenure-Track,"Auburn, AL",2026-11-09,2026-11-09,"$80,000 - $180,000 per year","An open-rank tenure-track faculty position in Industrial and Systems Engineering requiring an earned doctorate in ISE or a closely related discipline, with research and teaching responsibilities spanning advanced manufacturing, operations research, human systems integration, and systems engineering. | Research Topics: Industrial and Systems Engineering, Human Systems Integration, Operations Research, Systems Engineering",https://www.higheredjobs.com/search/details.cfm?JobCode=179548357&Title=Professor%2C%20Associate%20Professor%2C%20Assistant%20Professor%20%2D%20Industrial%20and%20Systems%20Engineering,HigherEdJobs,2026-09-12,2026-09-20,Active,32.5919529,-85.4959775,d0f23a527bf71c22
"Assistant Professor, Associate Professor, Professor - Health Services Research in Pharmacy",University of Wisconsin-Madison,Transportation / Civil Engineering,,,,Unspecified,"Madison, Wisconsin, US",2026-11-11,2026-11-11,Not specified,"Assistant Professor, Associate Professor, Professor - Health Services Research in Pharmacy Employer University of Wisconsin-Madison Location Madison, Wisconsin, United States Salary Competitive Salary",https://jobs.chronicle.com/job/38010876/assistant-professor-associate-professor-professor-health-services-research-in-pharmacy/,Chronicle,2026-09-29,2026-10-02,Active,43.0802745,-89.4309587,2955886b9adca29f
Assistant Professor (Tenure Track) – Biostatistics and Health Data Science,University of Minnesota,Transportation / Civil Engineering,,,,Unspecified,"Minneapolis, Minnesota, US",2026-11-13,2026-11-13,Not specified,"Assistant Professor (Tenure Track) – Biostatistics and Health Data Science Employer University of Minnesota Location Twin Cities, Minnesota, United States Salary Competitive Salary Date posted Sep 14,",https://jobs.chronicle.com/job/38039489/assistant-professor-tenure-track-biostatistics-and-health-data-science/,Chronicle,2026-10-01,2026-10-02,Active,44.9863418,-93.1794451,054f4f887d098cfa
"Faculty - Tenure-Track, Transportation Technologies",Utah Valley University,Transportation / Civil Engineering,,,,Unspecified,"Orem, Utah, US",2026-11-13,2026-11-13,Not specified,"Faculty - Tenure-Track, Transportation Technologies Employer Utah Valley University Location Utah, United States Salary Salary Not specified Date posted Sep 14, 2026 View more categories View less cat",https://jobs.chronicle.com/job/38038164/faculty-tenure-track-transportation-technologies/,Chronicle,2026-09-28,2026-10-02,Active,40.2794106,-111.7178868,2290e54d4bdd2bb2
Assistant Professor of Transportation Engineering,The College of New Jersey,Department of Civil Engineering,10,"Tenure-track Assistant Professor position in Transportation Engineering explicitly seeking expertise in transportation systems analysis, planning, and data analytics, perfectly aligning with the candidate's core profile.","Transportation Systems Analysis, Transportation Planning, Data Analytics & Optimization, Intelligent Transportation Systems",Tenure-Track,"Ewing, NJ",2026-11-15,2026-11-15,"$108,433.95 - $116,469.62","The College of New Jersey seeks a tenure-track Assistant Professor in Transportation Engineering focused on transportation systems analysis, planning, and data-informed decision-making requiring an earned doctorate in Civil or Transportation Engineering. | Research Topics: Transportation Systems Analysis, Transportation Planning, Data Analytics & Optimization, Intelligent Transportation Systems",https://jobs.chronicle.com/job/38040127/assistant-professor-civil-engineering/,Chronicle,2026-10-02,2026-10-02,Active,40.2685516,-74.7779768,e5e4460c4b460f80
Open-Rank Faculty Search in Civil & Environmental Systems Engineering,Carnegie Mellon University,Department of Civil and Environmental Engineering,7,"This open-rank systems engineering search in CEE aligns well with the candidate's expertise in transportation systems, network modeling, and optimization, though it is a broad systems search rather than a dedicated transportation engineering call.","Systems Engineering, Optimization and Decision Science, Networks and Multi-agent Systems, Smart Cities",Tenure-Track,"Pittsburgh, PA",Priority: 2026-11-15 / Open until filled,2026-11-15,Not specified,"The Department of Civil and Environmental Engineering at Carnegie Mellon University invites applications for an open-rank tenure-track systems engineering faculty position, requiring a Ph.D. in civil engineering or a closely related discipline. | Research Topics: Systems Engineering, Optimization and Decision Science, Networks and Multi-agent Systems, Smart Cities",http://engineering.academickeys.com/job/l4u08o6p/OpenRank-Faculty-Search-in-Civil--Environmental-Systems-Engineering,AcademicKeys,2026-09-27,2026-10-02,Active,40.4432,-79.9428,47d9c98ea2a1cee2
"Assistant Professor, Urban Economic Geography",University of North Carolina at Greensboro,"Department of Geography, Environment, and Sustainability",4,"The role is situated in a geography department focusing on urban economic geography, where transportation is only listed as one of several potential secondary focus areas.","Urban Economic Geography, Urban Planning, Smart Cities, Transportation Infrastructure",Tenure-Track,"Greensboro, NC",2026-11-15,2026-11-15,Commensurate with qualifications,"The position is a tenure-track Assistant Professor role in urban economic geography with interests in urban planning and smart cities/transportation, requiring a Ph.D. in Geography or a closely related field. | Research Topics: Urban Economic Geography, Urban Planning, Smart Cities, Transportation Infrastructure",https://jobs.chronicle.com/job/38035737/assistant-professor-urban-economic-geography/?LinkSource=PromotedJob,Chronicle,2026-09-27,2026-10-02,Active,36.0683549,-79.8105812,9800c7a48e51d206
Assistant Professor in Hydraulic,Santa Clara University,Transportation / Civil Engineering,,,,Unspecified,"Santa Clara, California, US",2026-11-15,2026-11-15,Not specified,"Assistant Professor in Hydraulic Employer Santa Clara University Location California, United States Salary Salary Not specified Date posted Sep 14, 2026 View more categories View less categories Posit",https://jobs.chronicle.com/job/38038073/assistant-professor-in-hydraulic/,Chronicle,2026-10-01,2026-10-02,Active,37.3486243,-121.936544,7d60262540c48c2b
Assistant Professor of Data Analytics,Ohio Wesleyan University,Department of Data Analytics,3,"While the university is hiring an Assistant Professor of Data Analytics, the position does not explicitly mention or prioritize transportation engineering, mobility, or the candidate's core specialties.","Data Analytics, Data Science, Interdisciplinary Computing",Tenure-Track,"Delaware, OH",2026-11-16,2026-11-16,Salary Commensurate with experience,"Ohio Wesleyan University invites applications for a tenure-track Assistant Professor of Data Analytics to join their interdisciplinary liberal arts faculty starting in Fall 2027. | Research Topics: Data Analytics, Data Science, Interdisciplinary Computing",https://jobs.chronicle.com/job/38039788/tenure-track-faculty-openings-2026-27/?LinkSource=PromotedJob,Chronicle,2026-09-27,2026-10-02,Active,40.292858,-83.0642763,0d84363d9d123b51
Assistant Professor in Industrial and Systems Engineering – Quantum Optimization,University of Missouri - Columbia,Transportation / Civil Engineering,,,,Unspecified,"Columbia, Missouri, US",2026-11-16,2026-11-16,Not specified,"Assistant Professor in Industrial and Systems Engineering – Quantum Optimization Employer University of Missouri - Columbia Location Columbia, Missouri, United States Salary Competitive Salary Date po",https://jobs.chronicle.com/job/38042575/assistant-professor-in-industrial-and-systems-engineering-quantum-optimization/,Chronicle,2026-09-28,2026-10-02,Active,38.9364147,-92.329703,250d4a7e8de8baa9
Assistant Professor of Public Policy (Market-Based Solutions to Societal Challenges),University of Wisconsin-Madison,La Follette School of Public Affairs,4,"This is a low-fit position in a public policy school that lists transportation and infrastructure finance as an option, but primarily targets scholars in economics, political science, or public policy rather than transportation engineering.","Transportation and infrastructure finance, Public policy analysis, Market-based policy design",Tenure-Track,"Madison, WI",2026-10-18,2026-11-19,Negotiable,"The La Follette School of Public Affairs seeks a tenure-track Assistant Professor whose research examines market-based institutions and policy design in areas such as transportation finance, requiring a Ph.D. in public policy, economics, or a related social science field. | Research Topics: Transportation and infrastructure finance, Public policy analysis, Market-based policy design",https://jobs.chronicle.com/job/38008254/assistant-professor-of-public-policy-market-based-solutions-to-societal-challenges-/,Chronicle,2026-09-20,2026-10-02,Active,43.0802745,-89.4309587,51857534b7308d30
LITERACY EDUCATION - ASSISTANT PROFESSOR (TENURE-TRACK),University of Vermont College of Education and Social Services,Transportation / Civil Engineering,,,,Unspecified,"Burlington, Vermont, US",2026-11-21,2026-11-21,Not specified,"LITERACY EDUCATION - ASSISTANT PROFESSOR (TENURE-TRACK) Employer University of Vermont College of Education and Social Services Location Burlington, Vermont Salary Assistant Professor: $79,000-$82,000",https://jobs.chronicle.com/job/38041705/literacy-education-assistant-professor-tenure-track-/?LinkSource=PromotedJob,Chronicle,2026-09-28,2026-10-02,Active,44.4761601,-73.212906,ef2663b33ef8d2fe
Assistant Professor in Data Science,California Lutheran University,Transportation / Civil Engineering,,,,Unspecified,"Thousand Oaks, California, US",2026-11-22,2026-11-22,Not specified,"Assistant Professor of Psychology Employer California Lutheran University Location California, United States Salary Salary Not specified Date posted Aug 14, 2026 View more categories View less categor",https://jobs.chronicle.com/job/38042837/assistant-professor-in-data-science/,Chronicle,2026-10-02,2026-10-02,Active,34.2281002,-118.8784338,2aef8bd334e18bd5
"Teaching Assistant Professor, Department of City and Regional Planning",University of North Carolina at Chapel Hill,Transportation / Civil Engineering,,,,Unspecified,"Chapel Hill, North Carolina, US",2026-11-24,2026-11-24,Not specified,"Teaching Assistant Professor, Department of City and Regional Planning Employer University of North Carolina at Chapel Hill Location Chapel Hill, North Carolina (US) Salary Commensurate with qualifica",https://jobs.chronicle.com/job/38043289/teaching-assistant-professor-department-of-city-and-regional-planning/,Chronicle,2026-10-01,2026-10-02,Active,35.9046729,-79.0533595,37e16018d44832ca
Assistant Professor- IL- Physical Therapy,Midwestern University,Transportation / Civil Engineering,,,,Unspecified,"Downers Grove, Illinois, US",2026-11-27,2026-11-27,Not specified,"Assistant Professor- IL- Physical Therapy Employer Midwestern University Location Downers Grove, Illinois, United States Salary Competitive Salary Date posted May 6, 2026 View more categories View les",https://jobs.chronicle.com/job/37984052/assistant-professor-il-physical-therapy/,Chronicle,2026-09-28,2026-10-02,Active,43.0096,-81.2737,cc849e78df75995a
"Assistant II, Instructional Support",Tarrant County College,Transportation / Civil Engineering,,,,Unspecified,"Fort Worth, Texas, US",2026-11-27,2026-11-27,Not specified,"Assistant II, Instructional Support Employer Tarrant County College Location Fort Worth, Texas, United States Salary Competitive Salary Date posted Sep 21, 2026 View more categories View less categori",https://jobs.chronicle.com/job/38041927/assistant-ii-instructional-support/,Chronicle,2026-09-27,2026-09-27,Active,32.7472953,-97.3279392,c40f2d7b772fc628
"Faculty, Professional Nursing; Mobility",Austin Community College,Transportation / Civil Engineering,,,,Unspecified,"Austin, Texas, US",2026-11-28,2026-11-28,Not specified,"Faculty, Professional Nursing; Mobility Employer Austin Community College Location Texas, United States Salary Salary Not specified Date posted Sep 29, 2026 View more categories View less categories P",https://jobs.chronicle.com/job/38044636/faculty-professional-nursing-mobility/,Chronicle,2026-09-29,2026-10-02,Active,30.2676713,-97.7060588,2f11c7cf434191fc
Instructor of Urban Planning,Ball State University,Transportation / Civil Engineering,,,,Unspecified,"Muncie, Indiana, US",2026-11-29,2026-11-29,Not specified,"Instructor of Urban Planning Employer Ball State University Location Muncie, Indiana, United States Salary Competitive Salary Date posted Sep 28, 2026 View more categories View less categories Positio",https://jobs.chronicle.com/job/38044759/instructor-of-urban-planning/,Chronicle,2026-10-01,2026-10-02,Active,40.2097296,-85.4112151,2f5cc4d8a7818cba
Assistant/Associate Professor – Architecture,Hampton University,Transportation / Civil Engineering,,,,Unspecified,"Hampton, Virginia, US",2026-11-29,2026-11-29,Not specified,"Assistant/Associate Professor – Architecture Employer Hampton University Location Hampton, Virginia, United States Salary Competitive Salary Date posted Jun 17, 2026 View more categories View less cat",https://jobs.chronicle.com/job/38002532/assistant-associate-professor-architecture/,Chronicle,2026-10-01,2026-10-02,Active,37.0210096,-76.3386255,ea13f3c466df5cd1
"Exercise & Sport Science, Assistant / Associate Professor, Teaching",Wayne State University,Transportation / Civil Engineering,,,,Unspecified,"Detroit, Michigan, US",2026-11-29,2026-11-29,Not specified,"Exercise & Sport Science, Assistant / Associate Professor, Teaching Employer Wayne State University Location Detroit, Michigan, United States Salary Competitive Salary Date posted Sep 11, 2026 View mo",https://jobs.chronicle.com/job/38040158/exercise-and-sport-science-assistant-associate-professor-teaching/,Chronicle,2026-10-01,2026-10-02,Active,42.3571895,-83.0709436,8a7d827af286b07e
"Assistant, Associate, or Professor of Civil and Environmental Infrastructure Systems","University of Michigan, Ann Arbor",Department of Civil and Environmental Engineering,7,"This is a broad open-rank search in Civil and Environmental Engineering where cyber-physical systems, AI-enabled sensing, and autonomous decision-making for transportation networks are explicitly welcomed under the Automation pillar.","Cyber-Physical Systems and AI for Transportation, Infrastructure Automation and Digital Twins, Resilience and Sociotechnical Systems, Decision-Making Under Uncertainty",Tenure-Track,"Ann Arbor, MI",2026-11-30,2026-11-30,Not specified,"The Department of Civil and Environmental Engineering seeks open-rank tenure-track faculty advancing automation, resilience, and circularity in infrastructure systems, requiring a Ph.D. in civil engineering, environmental engineering, or a related field. | Research Topics: Cyber-Physical Systems and AI for Transportation, Infrastructure Automation and Digital Twins, Resilience and Sociotechnical Systems, Decision-Making Under Uncertainty",https://engineering.academickeys.com/job/4oehp61f/Assistant-Professor-Associate-Professor-or-Professor,AcademicKeys,2026-09-27,2026-09-28,Active,42.278,-83.7382,36205c1e16ff6f12
Assistant or Associate Professor – IDS (Enterprise AI & Systems),University of Illinois Chicago,"Department of Information and Decision Sciences, College of Business Administration",3,"This position is a low fit because it is housed in a business school's information systems department focusing on enterprise AI and software development, with no mention of transportation or mobility systems.","Enterprise AI, Information Systems, Operations Research, Machine Learning",Tenure-Track,"Chicago, IL",Priority: 2026-10-20 / Final: 2026-12-06,2026-12-06,"$185,000 - $250,000","The Department of Information and Decision Sciences invites applications for a tenure-track Assistant or Associate Professor in Enterprise AI & Systems, requiring a Ph.D. in information and decision sciences, computer science, operations research, or a related field. | Research Topics: Enterprise AI, Information Systems, Operations Research, Machine Learning",https://jobs.chronicle.com/job/38035040/assistant-professor-ids-supply-chain-and-operations-management-/,Chronicle,2026-10-02,2026-10-02,Active,41.8748613,-87.6519866,c1e8cde424bc7afa
Professor / Associate Professor / Assistant Professor -Department of Mechanical and Aerospace Engineering,The Hong Kong University of Science and Technology,Transportation Engineering,,,,Unspecified,"Sai Kung District, Hong Kong SAR",2026-12-18,2026-12-18,Not specified,"Description The Hong Kong University of Science and Technology is a world-renowned, international research university in Hong Kong, ranked among the top universities in Asia. It is committed to increa",https://hk.linkedin.com/jobs/view/professor-associate-professor-assistant-professor-department-of-mechanical-and-aerospace-engineering-at-the-hong-kong-university-of-science-and-technology-4468352480,LinkedIn,2026-09-27,2026-09-30,Active,22.3360784,114.2656774,81c18021918cca1c
Tenure-Track Faculty Positions in Transportation Engineering,National Taiwan University,Department of Civil Engineering,7,This is a civil engineering faculty search at National Taiwan University that explicitly includes Public Transportation and Intelligent Transportation Systems as preferred research areas.,"Intelligent Transportation Systems, Public Transportation, Transportation Economics",Tenure-Track,"Taipei, Taiwan",2026-12-31,2026-12-31,"Monthly salary: NT$83,720–137,370","National Taiwan University seeks multiple tenure-track faculty members in transportation engineering and surveying, requiring a Ph.D. and the ability to teach in English. | Research Topics: Intelligent Transportation Systems, Public Transportation, Transportation Economics",https://jobs.chronicle.com/job/38034402/faculty-recruitment-announcement-department-of-civil-engineering-national-taiwan-university/,Chronicle,2026-09-13,2026-10-02,Active,25.0375198,121.5636796,f056997ace2e1de7
"Assistant Professor, Tenure Track, Aerospace Engineering",Baylor University,Department of Mechanical Engineering,,,,Unspecified,"Waco, Texas","December 31, 2026",2026-12-31,Not specified,"University Job: Assistant Professor, Tenure Track, Aerospace Engineering, Baylor University Showing jobs in Engineering . Looking for other jobs? Academic Keys (home page) Adjuncts Agriculture Busines",https://engineering.academickeys.com/job/3wvuq2dx/Assistant-Professor-Tenure-Track-Aerospace-Engineering,AcademicKeys,2026-09-29,2026-10-02,Active,31.5504341,-97.1102906,b77033e7c165b97d
Lecturer in Discipline or Senior Lecturer in Discipline,Columbia University,Department of Industrial Engineering and Operations Research,7,"This is a full-time career-track lecturer role in Industrial Engineering and Operations Research at Columbia University focused on Artificial Intelligence and data science applications, which aligns well with the candidate's strong machine learning and data-driven modeling expertise.","Artificial Intelligence, Operations Research, Data Science, Machine Learning Applications",Non-Tenure Track,"New York, NY",2027-01-01,2027-01-01,Lecturer in Discipline: 106K-129K; Senior Lecturer in Discipline: 125K-162K,"Columbia University seeks a full-time Lecturer or Senior Lecturer in the Department of Industrial Engineering and Operations Research to teach AI and data science courses, requiring a Ph.D. in a related quantitative discipline. | Research Topics: Artificial Intelligence, Operations Research, Data Science, Machine Learning Applications",http://engineering.academickeys.com/job/arsy3jqh/Open-Rank-Lecturer-in-Discipline-or-Senior-Lecturer-in-Discipline,AcademicKeys,2026-09-12,2026-10-01,Active,40.8077507,-73.9624901,f11b4a4e74422ae3
Assistant Professor (Hospitality and Tourism Management),"Greater Western Chapter, Travel and Tourism Research Association (GWTTRA)",Transportation Engineering,,,,Unspecified,Hong Kong SAR,2027-01-15,2027-01-15,Not specified,"Deadline to Apply: January 15, 2027 Organization/Company Name: School of Hotel and Tourism Management, The Chinese University of Hong Kong Location: Hong Kong The School of Hotel and Tourism Managemen",https://hk.linkedin.com/jobs/view/assistant-professor-hospitality-and-tourism-management-at-greater-western-chapter-travel-and-tourism-research-association-gwttra-4442764100,LinkedIn,2026-09-29,2026-09-29,Active,22.3492361,114.1857778,d243c14bdb0a13cd
Assistant Professor (Tenure-Track) Position in AI/ML,"University of California, Irvine",Department of Electrical Engineering and Computer Science,3,"The position is housed in Electrical Engineering and Computer Science seeking core AI/ML specialists, offering only incidental overlap through transportation as a potential application domain.","Artificial Intelligence, Machine Learning, Cyber-Physical Systems, Autonomous Robotics",Tenure-Track,"Irvine, California",Priority: 2026-12-01 / Final: 2027-02-15,2027-02-15,Not specified,"UC Irvine invites applications for a tenure-track Assistant Professor in broad AI/ML areas within Electrical Engineering and Computer Science, requiring a Ph.D. in EE, CS, or a closely related field. | Research Topics: Artificial Intelligence, Machine Learning, Cyber-Physical Systems, Autonomous Robotics",https://engineering.academickeys.com/job/ygnzbuh3/Assistant-Professor-TenureTrack-Position-in-AIML,AcademicKeys,2026-10-01,2026-10-02,Active,33.6429469,-117.8401606,61b6832e9a04f666
Assistant Professor in Aerospace Engineering,"University of California, Merced",Department of Mechanical and Aerospace Engineering,3,"The position is in Aerospace Engineering, which lies outside the candidate's core field of Transportation Engineering and target departments, despite minor interdisciplinary overlap in Urban Air Mobility.","Advanced Air Mobility, Autonomous Aerial Systems, AI for Aerospace, Sustainable Aviation",Tenure-Track,"Merced, CA",Priority: 2026-09-10 / Final: 2027-06-30,2027-06-30,"$111,400 - $139,200","The Department of Mechanical and Aerospace Engineering at UC Merced is seeking a tenure-track Assistant Professor in Aerospace Engineering with a minimum requirement of a Ph.D. in Aerospace Engineering or a closely related field. | Research Topics: Advanced Air Mobility, Autonomous Aerial Systems, AI for Aerospace, Sustainable Aviation",https://engineering.academickeys.com/job/ypgzlkou/Assistant-Professor-in-Aerospace-Engineering,AcademicKeys,2026-09-29,2026-10-02,Active,37.365182,-120.4225275,b9652ad55ecd9a2d
Open-Rank Tenure-Track/Tenured Faculty,Oklahoma State University,School of Electrical and Computer Engineering,3,"This position is housed in Electrical and Computer Engineering with a focus on computer architecture and embedded systems, mentioning transportation only as an incidental application domain.","Computer Architecture, Machine Learning, Embedded Systems, Cyber-Physical Systems",Tenure-Track,"Stillwater, OK",2027-07-31,2027-07-31,Not specified,"Oklahoma State University invites applications for an open-rank tenure-track faculty position in Electrical and Computer Engineering focused on computer architecture, machine learning, and embedded hardware systems, requiring a Ph.D. in EE, CpE, CS, or a closely related field. | Research Topics: Computer Architecture, Machine Learning, Embedded Systems, Cyber-Physical Systems",https://engineering.academickeys.com/job/b4h5qge7/OpenRank-TenureTrackTenured-Faculty,AcademicKeys,2026-09-28,2026-10-02,Active,36.1313523,-97.0890651,ae0e53bec258ab23
Open Rank Professor of Industrial Engineering,University of South Carolina,Department of Mechanical Engineering,3,"While this is an open-rank tenure-track position in Industrial Engineering, the search specifically targets advanced manufacturing, XR/digital twins, and human-robot interaction rather than transportation or mobility systems.","Advanced Manufacturing, Digital Twins and XR, Applied AI and Physical AI, Human-Robot Interaction",Tenure-Track,"Columbia, SC",2027-08-16,2027-08-16,Not specified,"The University of South Carolina seeks an open-rank tenure-track faculty member in Industrial Engineering specializing in advanced manufacturing, digital twins, and applied AI, requiring a Ph.D. in Mechanical, Industrial, or Manufacturing Engineering. | Research Topics: Advanced Manufacturing, Digital Twins and XR, Applied AI and Physical AI, Human-Robot Interaction",http://engineering.academickeys.com/job/3bckf2gv/Open-Rank-ProfessorTenure-TrackIndustrial-Engineering,AcademicKeys,2026-09-27,2026-10-02,Active,33.9928841,-81.0268676,17a24780d19e1cb4
Assistant Professor / Associate Professor of Mechanical Engineering,Wayne State University,Department of Mechanical Engineering,3,"This position is housed in Mechanical Engineering requiring a doctorate in mechanical or aerospace engineering focused on physical mobility systems and controls, which poorly aligns with the candidate's background in transportation planning and choice modeling.","Autonomous Systems and Connected Mobility, Advanced Materials and Smart Manufacturing, VTOL and Advanced Propulsion Technologies",Tenure-Track,"Detroit, MI",2027-08-18,2027-08-18,Not specified,"Wayne State University seeks tenure-track Assistant or Associate Professors in Mechanical Engineering specializing in autonomous mobility, smart manufacturing, or VTOL systems, requiring a Ph.D. in mechanical or aerospace engineering. | Research Topics: Autonomous Systems and Connected Mobility, Advanced Materials and Smart Manufacturing, VTOL and Advanced Propulsion Technologies",https://engineering.academickeys.com/job/ag72sclk/Assistant-ProfessorAssociate-Professor,AcademicKeys,2026-09-28,2026-10-02,Active,42.3571895,-83.0709436,4a324d7e52a6d06c
Assistant Professor / Associate Professor / Professor of Industrial & Systems Engineering,North Carolina State University,Fitts Department of Industrial & Systems Engineering,4,"While the position seeks expertise in AI and data science, it is housed in Industrial and Systems Engineering and focuses on general logistics and optimization rather than the candidate's core focus of transportation engineering and planning.","Artificial Intelligence, Logistics and Supply Chain Management, Data Science and Analytics, Optimization",Tenure-Track,"Raleigh, NC",2027-11-05,2027-11-05,Not specified,"The Fitts Department of Industrial & Systems Engineering is seeking open-rank tenure-track faculty members to establish research programs in AI, optimization, logistics, and data analytics. | Research Topics: Artificial Intelligence, Logistics and Supply Chain Management, Data Science and Analytics, Optimization",https://engineering.academickeys.com/job/ud3nveo4/Assistant-ProfessorAssociate-ProfessorProfessor,AcademicKeys,2026-10-01,2026-10-02,Active,35.7718497,-78.674087,e5456277f378f8be
Assistant/Associate/Full Professor of Civil and Environmental Engineering (Intelligent Infrastructure),Northeastern University,Department of Civil and Environmental Engineering,8,"The tenure-track position in Civil and Environmental Engineering explicitly includes AI-enabled urban mobility systems, connected vehicles, and autonomous mobility as primary focus areas, strongly aligning with the candidate's profile.","Autonomous Mobility, AI-Enabled Urban Mobility Systems, Intelligent Infrastructure, Connected Vehicles and Smart Transportation",Tenure-Track,"Boston, MA",Open until filled,,"Assistant Professor: $106,000.00 - $121,000.00 | Associate Professor: $123,000.00 - $141,000.00 | Professor: $138,000.00 - $207,000.00","Northeastern University seeks open-rank tenure-track faculty in Civil and Environmental Engineering focusing on intelligent infrastructure and autonomous mobility, requiring a Ph.D. in civil engineering or a related field. | Research Topics: Autonomous Mobility, AI-Enabled Urban Mobility Systems, Intelligent Infrastructure, Connected Vehicles and Smart Transportation",https://www.higheredjobs.com/search/details.cfm?JobCode=179568338&Title=Assistant%2FAssociate%2FFull%20Professor%2D%20Khoury%20College%20of%20Computer%20Sciences,HigherEdJobs,2026-10-02,2026-10-02,Active,42.3351065,-71.0892575,ff41022f943a7cbe
"Chair Professor / Professor / Associate Professor / Assistant Professor, Lingnan-60",Lingnan University,Lingnan-60 Global Talent Recruitment,7,"This is an open-rank cluster hire that explicitly includes smart city, data science, and AI areas aligning well with the candidate's interdisciplinary profile.","Smart City, Data Science and Artificial Intelligence, Smart Infrastructure, Social and Public Policy",Tenure-Track,"New Territories, Hong Kong SAR",Open until filled,,Not specified,"Lingnan University seeks open-rank scholars across interdisciplinary fields including smart infrastructure, data science, and AI, requiring a relevant PhD degree. | Research Topics: Smart City, Data Science and Artificial Intelligence, Smart Infrastructure, Social and Public Policy",https://hk.linkedin.com/jobs/view/chair-professor-professor-associate-professor-assistant-professor-lingnan-60-at-lingnan-university-4386654192,LinkedIn,2026-09-24,2026-09-29,Active,22.4123588,113.9812776,0a5d257fc60d771a
Assistant Professor in Urban and Regional Planning,Texas State University,Department of Geography and Environmental Studies,7,"This tenure-track position in Urban and Regional Planning directly matches one of the candidate's target departments and aligns with their expertise in urban infrastructure systems, policy evaluation, and GIS applications.","Urban Infrastructure Systems, Planning and Public Policy, GIScience, Urban Planning",Tenure-Track,"San Marcos, TX",Open until filled,,Not specified,"The Department of Geography and Environmental Studies invites applications for a tenure-track Assistant Professor in Urban and Regional Planning with a required Ph.D. in geography, urban planning, or urban studies. | Research Topics: Urban Infrastructure Systems, Planning and Public Policy, GIScience, Urban Planning",https://jobs.chronicle.com/job/38045925/assistant-professor-in-urban-and-regional-planning/,Chronicle,2026-10-02,2026-10-02,Active,29.8910885,-97.9376214,79cdd18aa1e79ddb
Assistant/Associate Professor of Civil Engineering,Cedarville University,School of Engineering and Computer Science,6,This is a broad civil engineering faculty search where transportation is explicitly listed as one of the acceptable sub-disciplines.,"Transportation Engineering, Civil Engineering Education, Undergraduate Mentoring",Unspecified,"Cedarville, OH",Open until filled,,Not specified,"This position seeks an Assistant or Associate Professor in Civil Engineering to teach undergraduate courses and mentor students across disciplines including transportation, requiring a Ph.D. in Civil Engineering or related field. | Research Topics: Transportation Engineering, Civil Engineering Education, Undergraduate Mentoring",https://www.higheredjobs.com/search/details.cfm?JobCode=179544290&Title=Assistant%2FAssociate%20Professor%20of%20Civil%20Engineering,HigherEdJobs,2026-09-12,2026-09-17,Active,39.7540491,-83.8170518,751c7406865a2787
Assistant Professor of Civil Engineering,McNeese State University,Department of Engineering and Computer Science,6,This is a broad civil engineering faculty search that explicitly welcomes transportation engineering alongside other sub-disciplines.,"Civil Engineering, Transportation Engineering, Water Resources and Hydraulic Engineering, Structural and Geotechnical Engineering",Tenure-Track,"Lake Charles, LA",Open until filled,,"$76,000 per year","McNeese State University seeks a full-time, tenure-track Assistant Professor of Civil Engineering to teach, advise students, and conduct research, requiring a Ph.D. in Civil Engineering. | Research Topics: Civil Engineering, Transportation Engineering, Water Resources and Hydraulic Engineering, Structural and Geotechnical Engineering",https://www.higheredjobs.com/search/details.cfm?JobCode=179545361&Title=Assistant%20Professor%20of%20Civil%20Engineering,HigherEdJobs,2026-09-13,2026-09-17,Active,30.1751363,-93.2112786,bd292fb9f52ac2e9
Assistant Professor / Associate Professor in Civil and Environmental Engineering,Nanyang Technological University Singapore,School of Civil and Environmental Engineering,6,This is an open-rank faculty search in Civil and Environmental Engineering where transportation is a potential fit among broader infrastructure domains.,"Civil Engineering, Geospatial Technologies, Digital Construction, Infrastructure Systems",Tenure-Track,"Singapore, Singapore",Open until filled,,Highly competitive,"Nanyang Technological University seeks tenure-track faculty across all areas of Civil and Environmental Engineering requiring a Ph.D. in a relevant field. | Research Topics: Civil Engineering, Geospatial Technologies, Digital Construction, Infrastructure Systems",https://sg.linkedin.com/jobs/view/assistant-professor-associate-professor-tenure-track-in-civil-and-environmental-engineering-at-nanyang-technological-university-singapore-4432357834,LinkedIn,2026-09-20,2026-09-30,Active,1.3483,103.6831,ce5f34eaef46b041
"Assistant Professor, Logistics & Supply Chain Management",Murray State University,Department of Management,3,"Although the position involves teaching transportation and logistics, it strictly requires a Ph.D. or DBA from an AACSB-accredited Business School, which diverges from the candidate's engineering doctoral background.","Transportation & Logistics, Supply Chain Management, Operations Management",Tenure-Track,"Murray, KY",Open until filled,,"$92,159 per year","This tenure-track Assistant Professor position focuses on teaching and conducting research in transportation, logistics, and supply chain management, requiring a Ph.D. or DBA from an AACSB-accredited Business School. | Research Topics: Transportation & Logistics, Supply Chain Management, Operations Management",https://www.higheredjobs.com/search/details.cfm?JobCode=179569817&Title=Assistant%20Professor%2C%20Logistics%20%26amp%3B%20Supply%20Chain%20Management,HigherEdJobs,2026-10-02,2026-10-02,Active,36.6129699,-88.322088,324d2886190ffbc0
Assistant / Associate Professor (Tenure-Track) in Maritime Studies,Nanyang Technological University,School of Civil and Environmental Engineering,3,"Although housed within Civil and Environmental Engineering, this position specifically focuses on maritime studies, shipping decarbonization, and port operations, which diverges from the candidate's core expertise in urban passenger transportation and travel behavior modeling.","Sustainable Shipping & Decarbonization, Port Operations & Logistics, Maritime Economics & Digitalisation, Supply Chain Resilience",Tenure-Track,Singapore,Open until filled,,Not specified,"Nanyang Technological University invites applications for tenure-track faculty positions across all ranks in Maritime Studies within the School of Civil and Environmental Engineering, requiring a Ph.D. in Maritime Studies or a closely related field. | Research Topics: Sustainable Shipping & Decarbonization, Port Operations & Logistics, Maritime Economics & Digitalisation, Supply Chain Resilience",https://engineering.academickeys.com/job/m80x7utf/Assistant-Professor--Associate-Professor-TenureTrack-Associate-Professor-PracticeTrack-in-Maritime-Studies,AcademicKeys,2026-10-02,2026-10-02,Active,1.3483,103.6831,6736da1a934c5c83
"Assistant, Associate, or Full Professor of Mechanical and Industrial Engineering",Northeastern University,Department of Mechanical and Industrial Engineering,3,"The position is in Mechanical and Industrial Engineering without a stated focus on transportation engineering, making it a poor fit for the candidate's core profile.","Mechanical Engineering, Industrial Engineering",Unspecified,"Boston, MA",Open until filled,,"$101,000 - $215,000 per year","Open-rank faculty position in mechanical and industrial engineering focusing on general department research areas. | Research Topics: Mechanical Engineering, Industrial Engineering",https://www.higheredjobs.com/search/details.cfm?JobCode=179560354&Title=Assistant%2C%20Associate%2C%20Full%20Professor%20%2D%20College%20of%20Engineering%20%2D%20Mechanical%20and%20Industrial%20Engineering%20%2D%20Boston,HigherEdJobs,2026-09-23,2026-09-23,Active,42.3351065,-71.0892575,e1042bf3b6aa8057
Faculty Openings in Engineering (Open Rank),Singapore Institute of Technology,Engineering Cluster,3,"While open rank and located in target Singapore, the engineering openings focus on construction materials, tunneling, infrastructure asset maintenance, and power systems rather than transportation planning or travel demand modeling.","Transport Infrastructure Asset Management, Tunnel Engineering, Construction Technologies, Power and Systems Engineering",Unspecified,Singapore,Open until filled,,Not specified,"Singapore Institute of Technology is seeking faculty at all ranks across civil, electrical, mechanical, and systems engineering disciplines to support applied learning and translational industry research. | Research Topics: Transport Infrastructure Asset Management, Tunnel Engineering, Construction Technologies, Power and Systems Engineering",https://sg.linkedin.com/jobs/view/faculty-openings-in-engineering-at-singapore-institute-of-technology-4273859333,LinkedIn,2026-09-21,2026-09-30,Active,1.4123197,103.9094621,f21dc0b6a181929c
Assistant/Associate/Full Professor in Industrial and Systems Engineering,University of Florida,Department of Industrial and Systems Engineering,3,"Although transportation is mentioned as a potential application area, the primary focus of this Industrial and Systems Engineering position is on Industrialized Construction and 3D construction printing rather than core transportation engineering, mobility, or travel behavior.","Industrialized Construction, Artificial Intelligence, Digital Twins, Operations Research",Tenure-Track,"Gainesville, FL",Open until filled,,Salary is commensurate with education and experience.,"This full-time tenured or tenure-track faculty position in Industrial and Systems Engineering at the University of Florida seeks expertise in industrialized construction and related technologies, requiring a Ph.D. in ISE, Manufacturing Engineering, Civil Engineering, Mechanical Engineering, or a closely related field. | Research Topics: Industrialized Construction, Artificial Intelligence, Digital Twins, Operations Research",https://www.linkedin.com/jobs/view/assistant-associate-full-professor-industrial-systems-engineering-at-university-of-florida-4323668785,LinkedIn,2026-09-12,2026-09-12,Active,29.6436,-82.3549,56d501f448e77e05
Assistant Professor in Industrial and Systems Engineering - Quantum Optimization,University of Missouri,Department of Industrial and Manufacturing Engineering,3,"Screened out due to an excessive focus on quantum optimization within industrial and systems engineering, which lacks a core transportation or mobility planning component.","Industrial and Systems Engineering, Quantum Optimization, Operations Research",Tenure-Track,"Columbia, MO",Open until filled,,Not specified,"This tenure-track assistant professor position focuses on quantum optimization within industrial and systems engineering, requiring a Ph.D. in a relevant engineering or scientific discipline. | Research Topics: Industrial and Systems Engineering, Quantum Optimization, Operations Research",https://www.higheredjobs.com/search/details.cfm?JobCode=179565194&Title=Assistant%20Professor%20in%20Industrial%20and%20Systems%20Engineering%20%2D%20Quantum%20Optimization,HigherEdJobs,2026-09-25,2026-09-28,Active,38.9364147,-92.329703,f13a6da0148df3dd
Assistant Professor of AI in Mechatronics and Controls,Worcester Polytechnic Institute,Department of Mechanical & Materials Engineering,3,"The position is housed within Mechanical and Robotics Engineering focusing on mechatronics, controls, and cyber-physical systems, which lacks direct alignment with the candidate's civil engineering-based travel behavior and transit planning profile.","Mechatronics and Controls, Applied Artificial Intelligence, Cyber-Physical Systems, Autonomous Systems and Mobility",Tenure-Track,"Worcester, MA",Open until filled,,"$105,000 - $118,000 per year","The position seeks candidates for a tenure-track Assistant Professor role in Applied AI for Mechatronics and Controls, requiring a Ph.D. in mechanical engineering, robotics engineering, or a relevant discipline. | Research Topics: Mechatronics and Controls, Applied Artificial Intelligence, Cyber-Physical Systems, Autonomous Systems and Mobility",https://engineering.academickeys.com/job/scf48oah/Assistant-Professor-of-AI-in-Mechatronics-and-Controls,AcademicKeys,2026-09-29,2026-10-02,Active,42.274315,-71.8084567,f63e745090046255
"Chemical Engineering, Environmental Engineering and Materials Science and Engineering Assistant/Associate Professor Brown University School of Engineering Posted Jul. 31, 2026",Academic Institution,School of Engineering,,,,Unspecified,United States,Open until filled,,Not specified,"University Job: Chemical Engineering, Environmental Engineering and Materials Science and Engineering Assistant/Associate Professor, Brown University Showing jobs in Engineering . Looking for other jo",http://engineering.academickeys.com/job/ad8r6xb2/Chemical-Engineering-Environmental-Engineering-and-Materials-Science-and-Engineering-AssistantAssociate-Professor,AcademicKeys,2026-09-27,2026-10-02,Active,7.1438798,125.5990517,6617a775b51412a6
Associate Professor or DTU Tenure Track Assistant Professor in Sustainable Travel Behaviour - DTU Management,DTU Management,Civil & Environmental / Transportation Engineering,,,,Unspecified,"Copenhagen, Denmark",Open until filled,,Not specified,"Associate Professor or DTU Tenure Track Assistant Professor in Sustainable Travel Behaviour - DTU Management DTU Management in Copenhagen, Denmark Apply Now Type: Full-Time Posted: 3 days ago Applicat",https://www.higheredjobs.com/search/details.cfm?JobCode=179567818&Title=Associate%20Professor%20or%20DTU%20Tenure%20Track%20Assistant%20Professor%20in%20Sustainable%20Travel%20Behaviour%20%2D%20DTU%20Management,HigherEdJobs,2026-09-28,2026-10-01,Active,55.7856,12.5218,dda1f4d97d7ed551
"Faculty Position in International Economics, Open Rank",Georgetown University in Qatar (GU-Q),,,,,Unspecified,Al-Rayyan,Open until filled,,Not specified,"Faculty Position in International Economics, Open Rank Georgetown University in Qatar (GU-Q) Location:
            Al-Rayyan Salary: Competitive Date Placed: 29 Sep Expires 28 Nov Save",https://www.jobs.ac.uk/job/DTC127/faculty-position-in-international-economics-open-rank,Jobs.ac.uk,2026-09-30,2026-10-02,Active,25.0819602,51.158416,18971803506e90f2
"Assistant Professor, DPT (Hawaii)",Hawaii Pacific University,Civil & Environmental / Transportation Engineering,,,,Unspecified,"Honolulu, HI",Open until filled,,Not specified,"Assistant Professor, DPT (Hawaii) Hawaii Pacific University in Honolulu, HI Apply Now Type: Full-Time Salary: $90,000 - $110,000 per year Posted: Today Category: Physical Therapy Assistant Professor,",https://www.higheredjobs.com/search/details.cfm?JobCode=179569828&Title=Assistant%20Professor%2C%20DPT%20%28Hawaii%29,HigherEdJobs,2026-09-29,2026-10-02,Active,21.3795228,-157.7830819,8aef673f59c023fb
Assistant Professor in Fair and Responsible Artificial Intelligence,Imperial College London,Dyson School of Design Engineering,,,,Unspecified,"London, United Kingdom",Open until filled,,Not specified,"Assistant Professor in Fair and Responsible Artificial Intelligence Dyson School of Design Engineering Imperial College London Location:
            London Salary: £73,194 to £82,954 Date Placed: 13 A",https://www.jobs.ac.uk/job/DSO564/assistant-professor-in-fair-and-responsible-artificial-intelligence,Jobs.ac.uk,2026-10-01,2026-10-02,Active,51.4988,-0.1749,cd73f7eb569f2263
"Multiple Tenure-Track Assistant Professor Positions in Microelectronics, Circuits and Systems Design",Indiana University Bloomington,Civil & Environmental / Transportation Engineering,,,,Unspecified,"Bloomington, IN",Open until filled,,Not specified,"Multiple Tenure-Track Assistant Professor Positions in Microelectronics, Circuits and Systems Design Indiana University Bloomington in Bloomington, IN Apply Now Type: Full-Time Posted: Today Category:",https://www.higheredjobs.com/search/details.cfm?JobCode=179574380&Title=Multiple%20Tenure%2DTrack%20Assistant%20Professor%20Positions%20in%20Microelectronics%2C%20Circuits%20and%20Systems%20Design,HigherEdJobs,2026-10-01,2026-10-02,Active,39.1802358,-86.5093526,517a1f0da3db550e
State University Faculty - Assistant Professor of Accounting,Metro State University of Minnesota,Transportation / Civil Engineering,,,,Unspecified,"Saint Paul, Minnesota, US",Open until filled,,Not specified,"State University Faculty - Assistant Professor of Accounting Employer Metro State University of Minnesota Location St. Paul, Minnesota, United States Salary Competitive Salary Date posted Aug 4, 2026",https://jobs.chronicle.com/job/38021918/state-university-faculty-assistant-professor-of-accounting/,Chronicle,2026-10-01,2026-10-02,Active,44.9497487,-93.0931028,cc1ec74bc05733cd
Assistant/Associate Professor for Applied Economics,North Carolina Agricultural and Technical State University,Transportation / Civil Engineering,,,,Unspecified,"Greensboro, North Carolina, US",Open until filled,,Not specified,"Assistant/Associate Professor for Applied Economics Employer North Carolina Agricultural and Technical State University Location Greensboro, North Carolina, United States Salary Competitive Salary Dat",https://jobs.chronicle.com/job/37958321/assistant-associate-professor-for-applied-economics/,Chronicle,2026-10-01,2026-10-02,Active,36.0780523,-79.7711093,859ee403d3b1be57
Assistant/Associate Professor in Automotive Engineering & Transportation,Purdue University,Civil & Environmental / Transportation Engineering,,,,Unspecified,"West Lafayette, IN",Open until filled,,Not specified,"Assistant/Associate Professor in Automotive Engineering & Transportation Purdue University in West Lafayette, IN Apply Now Type: Full-Time Posted: 3 days ago Category: Mechanical Engineering Job Summa",https://www.higheredjobs.com/search/details.cfm?JobCode=179567748&Title=Assistant%2FAssociate%20Professor%20in%20Automotive%20Engineering%20%26%20Transportation,HigherEdJobs,2026-09-28,2026-10-01,Active,40.4237,-86.9212,40bc1f3f13f9ded6
Assistant Professor of Biology,Seattle University,Transportation / Civil Engineering,,,,Unspecified,"Seattle, Washington State, US",Open until filled,,Not specified,"Assistant Professor of Biology Employer Seattle University Location Seattle, Washington State (US) Salary Salary Range: $75,000-$85,000 with competitive start-up and benefits package Date posted Sep 2",https://jobs.chronicle.com/job/38045227/assistant-professor-of-biology/,Chronicle,2026-10-02,2026-10-02,Active,47.6095043,-122.3187983,38b3fea4299a2e0b
Assistant or Associate Professor of Professional Practice in Computer Science,Texas Christian University,Civil & Environmental / Transportation Engineering,,,,Unspecified,"Fort Worth, TX",Open until filled,,Not specified,"Assistant or Associate Professor of Professional Practice in Computer Science Texas Christian University in Fort Worth, TX Apply Now Type: Full-Time Posted: Today Category: Computer Science Applicatio",https://www.higheredjobs.com/search/details.cfm?JobCode=179571135&Title=Assistant%20or%20Associate%20Professor%20of%20Professional%20Practice%20in%20Computer%20Science,HigherEdJobs,2026-09-29,2026-10-02,Active,32.7080148,-97.3611939,2ce3778a100bb83a
Professor / Associate Professor / Assistant Professor in AI/Robotics for Aircraft Maintenance / Low-Altitude Economy / Satellite and Space Engineering under Strategic Hiring Scheme,The Hong Kong Polytechnic University,Department of Aeronautical and Aviation Engineering,,,,Unspecified,Hong Kong,Open until filled,,Not specified,Professor / Associate Professor / Assistant Professor in AI/Robotics for Aircraft Maintenance / Low-Altitude Economy / Satellite and Space Engineering under Strategic Hiring Scheme Department of Aeron,https://www.jobs.ac.uk/job/DSR599/professor-associate-professor-assistant-professor-in-ai-robotics-for-aircraft-maintenance-low-altitude-economy-satellite-and-space-engineering-under-strategic-hiring-scheme,Jobs.ac.uk,2026-09-28,2026-10-02,Active,22.3045,114.1797,9f12038ffb75ebfb
Instructional-Track Faculty Position in Finance,The University of Iowa,Civil & Environmental / Transportation Engineering,,,,Unspecified,"Iowa City, IA",Open until filled,,Not specified,"Instructional-Track Faculty Position in Finance The University of Iowa in Iowa City, IA Apply Now Type: Full-Time Salary: Commensurate Posted: 3 days ago Category: Finance Type of Position OTHER Adver",https://www.higheredjobs.com/search/details.cfm?JobCode=179567422&Title=Instructional%2DTrack%20Faculty%20Position%20in%20Finance,HigherEdJobs,2026-09-28,2026-10-01,Active,41.6682891,-91.5795068,af0363c4ee4dcff9
"CCIS - Assistant Professor, Tenure-Track, Sports Media, Journalism and Creative Media - 530569",University of Alabama,Civil & Environmental / Transportation Engineering,,,,Unspecified,"Tuscaloosa, AL",Open until filled,,Not specified,"CCIS - Assistant Professor, Tenure-Track, Sports Media, Journalism and Creative Media - 530569 University of Alabama Tuscaloosa, AL Journalism Posted 6 days ago",https://www.higheredjobs.com/search/details.cfm?JobCode=179564815&Title=CCIS%20%2D%20Assistant%20Professor%2C%20Tenure%2DTrack%2C%20Sports%20Media%2C%20Journalism%20and%20Creative%20Media%20%2D%20530569,HigherEdJobs,2026-09-28,2026-09-28,Active,33.2120822,-87.5396735,8a68770ebd6c9e0f
Assistant Professor Of Food Microbiology,"University of California, Davis",Civil & Environmental / Transportation Engineering,,,,Unspecified,"Davis, CA",Open until filled,,Not specified,"Assistant Professor Of Food Microbiology University of California, Davis Davis, CA $106,800 - $130,700 per year Food Science Posted 4 days ago",https://www.higheredjobs.com/search/details.cfm?JobCode=179566390&Title=Assistant%20Professor%20Of%20Food%20Microbiology,HigherEdJobs,2026-09-28,2026-09-29,Active,38.5337904,-121.7907544,7e91de35647681ec
Full/Associate/Assistant Professor in Computer Science,University of Macau,Department of Computer Science (CSC),,,,Unspecified,Macao,Open until filled,,Not specified,"Full/Associate/Assistant Professor in Computer Science Department of Computer Science (CSC) University of Macau Location:
            Macao Salary: £87,465.51 to £127,834.20",https://www.jobs.ac.uk/job/DSP580/full-associate-assistant-professor-in-computer-science,Jobs.ac.uk,2026-09-28,2026-10-02,Active,22.1285,113.5438,af1fdedb3a4712b5
Full/Associate/Assistant Professor in Modern Civil Engineering,University of Macau,Department of Civil and Environmental Engineering (CEE),,,,Unspecified,Macao,Open until filled,,Not specified,"Full/Associate/Assistant Professor in Modern Civil Engineering Department of Civil and Environmental Engineering (CEE) University of Macau Location:
            Macao Salary: £87,465.51 to £127,834.20",https://www.jobs.ac.uk/job/DSL575/full-associate-assistant-professor-in-modern-civil-engineering,Jobs.ac.uk,2026-09-29,2026-09-29,Active,22.1285,113.5438,600dff84e8f0a0b2
Assistant or Associate Professor of Mechanical Engineering (tenure-track),Virginia Military Institute,Mechanical Engineering,,,,Unspecified,"Lexington, Virginia",Open until filled,,Not specified,"University Job: Assistant or Associate Professor of Mechanical Engineering (tenure-track), Virginia Military Institute Showing jobs in Engineering . Looking for other jobs? Academic Keys (home page) A",https://engineering.academickeys.com/job/wyok0std/Assistant-or-Associate-Professor-of-Mechanical-Engineering-tenuretrack,AcademicKeys,2026-09-28,2026-10-02,Active,37.7913339,-79.4355152,40d11d7f2b4d26eb
Assistant Professor of Electrical Engineering,Wilkes University,Civil & Environmental / Transportation Engineering,,,,Unspecified,"Wilkes-Barre, PA",Open until filled,,Not specified,"Assistant Professor of Electrical Engineering Wilkes University Wilkes-Barre, PA Electrical Engineering Posted 4 days ago",https://www.higheredjobs.com/search/details.cfm?JobCode=179566665&Title=Assistant%20Professor%20of%20Electrical%20Engineering,HigherEdJobs,2026-09-28,2026-09-29,Active,41.2444276,-75.8902922,4bed99aa9e0f2a8b
Open-rank Faculty Position in Computer Science and Engineering,Zhejiang University-University of Illinois Urbana-Champaign Institute  (ZJU-UIUC),,,,,Unspecified,Haining,Open until filled,,Not specified,"Open-rank Faculty Position in Computer Science and Engineering Zhejiang University-University of Illinois Urbana-Champaign Institute  (ZJU-UIUC) Location:
            Haining Salary: Competitive Date",https://www.jobs.ac.uk/job/DSS455/open-rank-faculty-position-in-computer-science-and-engineering,Jobs.ac.uk,2026-09-27,2026-10-02,Active,40.102,-88.2272,00c8b8eab6347b33
Open-rank Faculty Position in Electrical and Electronic Engineering,Zhejiang University-University of Illinois Urbana-Champaign Institute  (ZJU-UIUC),,,,,Unspecified,Haining,Open until filled,,Not specified,"Open-rank Faculty Position in Electrical and Electronic Engineering Zhejiang University-University of Illinois Urbana-Champaign Institute  (ZJU-UIUC) Location:
            Haining Salary: Competitive",https://www.jobs.ac.uk/job/DSS464/open-rank-faculty-position-in-electrical-and-electronic-engineering,Jobs.ac.uk,2026-09-27,2026-10-02,Active,40.102,-88.2272,6a637601f90e960f
Open-rank Faculty Position in Mechanical Engineering,Zhejiang University-University of Illinois Urbana-Champaign Institute  (ZJU-UIUC),,,,,Unspecified,Haining,Open until filled,,Not specified,"Open-rank Faculty Position in Mechanical Engineering Zhejiang University-University of Illinois Urbana-Champaign Institute  (ZJU-UIUC) Location:
            Haining Salary: Competitive Date Placed: 26",https://www.jobs.ac.uk/job/DSS443/open-rank-faculty-position-in-mechanical-engineering,Jobs.ac.uk,2026-09-27,2026-10-02,Active,40.102,-88.2272,abe047e706c49df3
"Assistant/Associate/Full Professor, Transportation Engineering and Systems",University of Cincinnati,Department of Civil and Architectural Engineering and Construction Management (CAECM),9,This is a dedicated Assistant/Associate/Full Professor position in Transportation Engineering and Systems perfectly aligned with the candidate's core research profile.,"Transportation Engineering, Transportation Systems, Transit Planning",Tenure-Track,"Cincinnati, OH",Posted 4 months ago,,Not specified,"This role seeks a faculty member in transportation engineering and systems within an R1 urban research university setting requiring an appropriate terminal degree. | Research Topics: Transportation Engineering, Transportation Systems, Transit Planning",https://www.linkedin.com/jobs/view/assistant-associate-full-professor-transportation-engineering-and-systems-at-university-of-cincinnati-4416744025,LinkedIn,2026-09-11,2026-10-02,Active,39.1318888,-84.5157831,6aa8ab000bc6f6c0
Assistant Professor,Georgia Institute of Technology,School of City and Regional Planning,8,"This is an Assistant Professor position within the School of City and Regional Planning, matching the candidate's background in urban planning and transportation mobility research.","Urban Planning and Spatial Analytics, Sustainable and Resilient Communities, Mobility Analytics",Tenure-Track,"Atlanta, GA",Posted 6 days ago,,Not specified,"Georgia Institute of Technology seeks a tenure-track Assistant Professor in the School of City and Regional Planning to advance research and teaching in urban planning, spatial analytics, and sustainable communities. | Research Topics: Urban Planning and Spatial Analytics, Sustainable and Resilient Communities, Mobility Analytics",https://www.linkedin.com/jobs/view/assistant-professor-at-georgia-institute-of-technology-4467296351,LinkedIn,2026-09-15,2026-10-02,Active,33.7756,-84.3963,1b7278bf60327029
Assistant Professor in Transportation Policy,Hunter College,Department of Urban Policy and Planning,7,Strong interdisciplinary fit for an Assistant Professor position focusing on transportation policy and planning within an urban policy department.,"Transportation Policy, Transportation Advocacy & Accessibility, Community-Engaged Research, Urban Planning",Tenure-Track,"New York, NY",Posted 2 months ago,,"$77,092 - $91,922","Hunter College seeks a tenure-track Assistant Professor in transportation policy to teach graduate students and conduct community-engaged research, requiring a Ph.D. in policy, planning, or a related field specializing in transportation. | Research Topics: Transportation Policy, Transportation Advocacy & Accessibility, Community-Engaged Research, Urban Planning",https://www.linkedin.com/jobs/view/assistant-professor-%E2%80%93-urban-policy-and-planning-dept-school-of-arts-and-sciences-hunter-college-at-hunter-college-4438624127,LinkedIn,2026-09-11,2026-10-02,Active,40.7683107,-73.964406,e4e18ed629103a27
Assistant or Associate Professor in Complex Systems and Urban & Regional Modelling,Maastricht University,Faculty of Science and Engineering,7,This Assistant or Associate Professor role in complex systems and urban and regional modelling aligns well with the candidate's strong computational and urban modelling expertise.,"Urban and Regional Modelling, Complex Systems Theory, Urban Sustainability, Spatial Modelling",Unspecified,"Maastricht, Netherlands",Posted 1 month ago,,Not specified,"Maastricht University seeks an Assistant or Associate Professor to build a new research line in urban and regional modelling, requiring a PhD in a relevant technical or computational field. | Research Topics: Urban and Regional Modelling, Complex Systems Theory, Urban Sustainability, Spatial Modelling",https://nl.linkedin.com/jobs/view/assistant-or-associate-professor-in-complex-systems-and-urban-regional-modelling-at-maastricht-university-faculty-of-science-and-engineering-4452765174,LinkedIn,2026-09-20,2026-10-02,Active,50.8472117,5.6859518,321ee686ffad2403
Faculty Position in Civil Engineering (Transportation and Traffic Engineering),University of New Brunswick,Faculty of Engineering,6,"This is a broad Civil Engineering faculty position that explicitly covers traffic engineering and transportation operations, aligning with the candidate's core subfield.","Traffic studies and analysis, Traffic control devices, Intersections and interchanges operations, Traffic accident studies",Tenure-Track,"Fredericton, New Brunswick",Posted 1 month ago,,Not specified,"The University of New Brunswick seeks a faculty member in Civil Engineering specializing in traffic characteristics, traffic studies, and intersection operations, requiring a Master's or Ph.D. in Civil Engineering or a closely related area. | Research Topics: Traffic studies and analysis, Traffic control devices, Intersections and interchanges operations, Traffic accident studies",https://ca.linkedin.com/jobs/view/engineering-faculty-of-at-university-of-new-brunswick-4451582209,LinkedIn,2026-09-20,2026-10-02,Active,45.9455202,-66.6401861,77b43c5491345e72
"Assistant/Associate Professor of Civil, Architectural and Environmental Engineering",Missouri University of Science and Technology,"Department of Civil, Architectural and Environmental Engineering",4,"This is a general Civil, Architectural and Environmental Engineering faculty opening without an explicitly stated specialization in transportation engineering or transit planning.","Civil Engineering, Architectural Engineering, Environmental Engineering",Tenure-Track,"Rolla, MO",Posted 1 week ago,,Not specified,"Missouri University of Science and Technology invites applications for an Assistant or Associate Professor position in Civil, Architectural, and Environmental Engineering requiring a relevant doctoral degree. | Research Topics: Civil Engineering, Architectural Engineering, Environmental Engineering",https://www.linkedin.com/jobs/view/assistant-associate-professor-civil-architectural-and-environmental-engineering-%2300096512-at-missouri-university-of-science-and-technology-4442271248,LinkedIn,2026-09-20,2026-10-02,Active,37.9532435,-91.7742667,4fad8c46021c1243
Assistant Professor of Public Policy,University of Texas at Arlington,Department of Public Affairs & Planning,4,"The position is for an Assistant Professor of Public Policy in a public affairs department, which falls outside the candidate's core expertise in transportation engineering, travel behavior, and mobility systems.","Public Policy, Urban Studies, Public Infrastructure, Public Administration",Tenure-Track,"Arlington, TX",Posted 2 weeks ago,,Not specified,"The University of Texas at Arlington seeks a tenure-track Assistant Professor of Public Policy in the Department of Public Affairs and Planning requiring a Ph.D. in public policy or a related social science discipline. | Research Topics: Public Policy, Urban Studies, Public Infrastructure, Public Administration",https://www.linkedin.com/jobs/view/assistant-professor-at-excel-campus-activities-4464851831,LinkedIn,2026-09-17,2026-10-02,Active,32.7315155,-97.1171533,15704bb25858281c
Assistant Professor in Supply Chain Management,Iowa State University,"Department of Supply Chain Management, Ivy College of Business",3,This is a business school position focused on supply chain management rather than transportation engineering or urban mobility systems.,"Supply Chain Management, Logistics, Operations",Tenure-Track,"Ames, IA",Posted 2 months ago,,Not specified,"Iowa State University seeks a tenure-track Assistant Professor in Supply Chain Management to conduct research and teach courses at the undergraduate, master's, and Ph.D. levels, requiring a doctorate in business administration, supply chain, transportation, logistics, operations, or a related field. | Research Topics: Supply Chain Management, Logistics, Operations",https://www.linkedin.com/jobs/view/assistant-professor-in-supply-chain-management-at-iowa-state-university-ivy-college-of-business-4440811209,LinkedIn,2026-09-12,2026-10-02,Active,42.0267567,-93.6170448,e994e392d38b77ce
Assistant Professor in Resilient Manufacturing Systems,Aalborg University,Transportation Engineering,,,,Unspecified,"Aalborg, North Denmark Region, Denmark",Posted 3 months ago,,Not specified,"Fixed-term, full-time position (3 years), starting 1 February 2027 or as soon as possible thereafter. Modern manufacturing is increasingly dependent on robust, adaptable, and data-driven production sy",https://dk.linkedin.com/jobs/view/assistant-professor-in-resilient-manufacturing-systems-at-aalborg-university-4433319001,LinkedIn,2026-09-28,2026-09-30,Active,57.0156429,9.9752962,d6af8cfed15e21c1
Assistant / Associate Professor at the Department of Public Health,Aarhus University,Transportation Engineering,,,,Unspecified,"Aarhus, Central Denmark Region, Denmark",Posted 1 week ago,,Not specified,"The Department of Public Health at the Faculty of Health Sciences, Aarhus University, invites applications for one or more full-time open-rank positions at Assistant Professor or Associate Professor l",https://dk.linkedin.com/jobs/view/assistant-associate-professor-at-the-department-of-public-health-at-aarhus-university-4467337560,LinkedIn,2026-10-01,2026-10-02,Active,56.1670905,10.2026177,ab99a5fcf4fa4840
Airbus Synthetic Flight Instructor (SFI),Airbus,Transportation Engineering,,,,Unspecified,"Seoul, Seoul, South Korea",Posted 1 week ago,,Not specified,"Job Description: Airbus Korea | SFI Airbus Korea have open positions for Synthetic Flight Instructors to be employed directly with Airbus Korea, with flexible commuting options available such as 3/1,",https://kr.linkedin.com/jobs/view/airbus-synthetic-flight-instructor-sfi-at-airbus-4192389555,LinkedIn,2026-09-27,2026-09-30,Active,32.9101077,-97.3832363,9b6fb928277c1942
"Professor (x2), Associate Professor (x2) & Assistant Professor | University of Tokyo, Japan",ALICE Collaboration,Transportation Engineering,,,,Unspecified,Greater Tokyo Area,Posted 2 months ago,,Not specified,"Submitted by tmillerd on Tue, 06/30/2026 - 10:41 Category non-alice job The Quark Nuclear Science Institute of the Graduate School of Science, The University of Tokyo, is inviting applications for two",https://jp.linkedin.com/jobs/view/professor-x2-associate-professor-x2-assistant-professor-university-of-tokyo-japan-at-alice-collaboration-4455318954,LinkedIn,2026-09-27,2026-09-30,Active,,,a60b32b552e436a7
Assistant Teaching Professor – Urban Planning (Arizona State University),Arizona State University,Transportation Engineering,,,,Unspecified,"Tempe, AZ",Posted 7 months ago,,Not specified,"Job ad submitted by: Meagan Ehlenz, Arizona State University Job title: Assistant Teaching Professor – Urban Planning (Arizona State University) Hiring institution: Arizona State University Location:",https://www.linkedin.com/jobs/view/assistant-teaching-professor-%E2%80%93-urban-planning-arizona-state-university-at-arizona-state-university-4370180914,LinkedIn,2026-10-01,2026-10-02,Active,33.4242,-111.9281,0b4f9f3352865006
Flight Simulator Instructor A320 / B737-EN,CAE,Transportation Engineering,,,,Unspecified,"Seoul, Seoul, South Korea",Posted 1 week ago,,Not specified,"The Simulator Instructor is responsible for all training activities being delivered in compliance with the authority approval, defined standards and processes and ensures that the highest standards of",https://kr.linkedin.com/jobs/view/flight-simulator-instructor-a320-b737-en-at-cae-4411538607,LinkedIn,2026-09-30,2026-09-30,Active,33.9388631,-81.1139715,3ec4840688af2db3
"Urban and Regional Planning, Assistant Professor",California State Polytechnic University-Pomona,Transportation Engineering,,,,Unspecified,"Pomona, CA",Posted 5 days ago,,Not specified,"Tenure Track Faculty Position Assistant Professor of Urban Design Department of Urban and Regional Planning College of Environmental Design Salary Range: $86,328 - $90,648 California State Polytechnic",https://www.linkedin.com/jobs/view/urban-and-regional-planning-assistant-professor-at-california-state-polytechnic-university-pomona-4415986706,LinkedIn,2026-10-01,2026-10-02,Active,34.0556686,-117.8239282,86f7726d1a7898c6
"Inventory for Lecturers, Assistant Professors, Associate Professors and Professors",Department of National Defence/Ministère de la Défense nationale,Transportation Engineering,,,,Unspecified,"Kingston, Ontario, Canada",Posted 2 weeks ago,,Not specified,"National Defence is hiring Faculty Members at the Royal Military College of Canada in Kingston, ON. The Department of National Defence (DND) is seeking civilian Lecturers, Assistant Professors, Associ",https://ca.linkedin.com/jobs/view/inventory-for-lecturers-assistant-professors-associate-professors-and-professors-at-department-of-national-defence-minist%C3%A8re-de-la-d%C3%A9fense-nationale-4467734891,LinkedIn,2026-10-01,2026-10-02,Active,44.3054151,-76.4283781,0ac96357a92b829a
Associate Professor or DTU Tenure Track Assistant Professor in Sustainable Travel Behaviour - DTU Management,DTU - Technical University of Denmark,Transportation Engineering,,,,Unspecified,"Kongens Lyngby, Capital Region of Denmark, Denmark",Posted 1 week ago,,Not specified,"Job Description DTU Management is looking for an Associate Professor or Tenure Track Assistant Professor in Sustainable Travel Behaviour to join our Transportation Science Division. In this position,",https://dk.linkedin.com/jobs/view/associate-professor-or-dtu-tenure-track-assistant-professor-in-sustainable-travel-behaviour-dtu-management-at-dtu-technical-university-of-denmark-4468634703,LinkedIn,2026-09-27,2026-10-02,Active,55.7856,12.5218,7e6d15e66f05eb1f
Assistant Professor In Control Systems Technology for Emerging Application Areas,Eindhoven University of Technology,Transportation Engineering,,,,Unspecified,"Eindhoven, North Brabant, Netherlands",Posted 3 weeks ago,,Not specified,"Would you like to be part of a vibrant and collaborative academic community, contributing to real-world innovations? Join us in shaping the future of 'control systems technology' in the heart of the h",https://nl.linkedin.com/jobs/view/assistant-professor-in-control-systems-technology-for-emerging-application-areas-at-eindhoven-university-of-technology-4449015225,LinkedIn,2026-09-27,2026-10-02,Active,51.4486602,5.4903996,61c642450ddce455
"Tenure Track Assistant Professor of Aeronautical Sciences, Daytona Beach Campus",Embry-Riddle Aeronautical University,Transportation Engineering,,,,Unspecified,"Daytona Beach, FL",Posted 16 hours ago,,Competitive Salary,"Tenure-Track Faculty Position with a focus on Air Transportation Systems, Daytona Beach Campus Employer Embry-Riddle Aeronautical University Location Daytona Beach, Florida, United States Salary Compe",https://www.linkedin.com/jobs/view/tenure-track-assistant-professor-of-aeronautical-sciences-daytona-beach-campus-at-embry-riddle-aeronautical-university-4472944897,LinkedIn,2026-10-02,2026-10-02,Active,29.1895,-81.0494,e5ba6a7cb0c600c1
Assistant/Associate Professor in Forest Hydrology,European Geosciences Union (EGU),Transportation Engineering,,,,Unspecified,"Edmonton, Alberta, Canada",Posted 1 month ago,,Not specified,Some features of our web site require JavaScript to function properly. Please enable JavaScript in your browser. Position Assistant/Associate Professor in Forest Hydrology Employer University of Alber,https://ca.linkedin.com/jobs/view/assistant-associate-professor-in-forest-hydrology-at-european-geosciences-union-egu-4460384558,LinkedIn,2026-10-01,2026-10-02,Active,53.5462055,-113.491241,30bfec97e3853f29
Assistant Professor,Excel Campus Activities,Transportation Engineering,,,,Unspecified,"Arlington, TX",Posted 6 months ago,,Not specified,Posting Details Position Information Posting Number F00739P Position Title Assistant Professor Department Civil Engineering Location Arlington Job Family Faculty Position Status Full-time Rank Tenure-,https://www.linkedin.com/jobs/view/assistant-professor-at-excel-campus-activities-4393887488,LinkedIn,2026-10-01,2026-10-02,Active,32.7355816,-97.1071186,960518333ab86519
Assistant Professor of Teaching,Florida Atlantic University,Transportation Engineering,,,,Unspecified,"Boca Raton, FL",Posted 4 months ago,,Not specified,"Apply now to join FAU on its race to excellence. For more information on everything FAU has to offer, please visit www.fau.edu/jobs. Note: Current FAU employees must apply as an internal applicant by",https://www.linkedin.com/jobs/view/assistant-professor-of-teaching-at-florida-atlantic-university-4414964381,LinkedIn,2026-10-01,2026-10-02,Active,26.3743445,-80.1027236,7bdaa996cf64d1f6
Lecturer/Instructional Assistant Professor,Florida Chapter of the American Planning Association (APA Florida),Transportation Engineering,,,,Unspecified,Gainesville Metropolitan Area,Posted 1 week ago,,Not specified,"University of Florida, Department of Urban and Regional Planning Gainesville, FL United States School of Landscape Architecture and Planning Department of Urban and Regional Planning The Department of",https://www.linkedin.com/jobs/view/lecturer-instructional-assistant-professor-at-florida-chapter-of-the-american-planning-association-apa-florida-4469984426,LinkedIn,2026-10-01,2026-10-02,Active,,,6d2c2355f3e2e4ff
"Tenure-track Professor/ Associate Professor/ Assistant Professor in Global Health (several posts), School of Public Health",HKUMed – The University of Hong Kong,Transportation Engineering,,,,Unspecified,Hong Kong SAR,Posted 2 weeks ago,,Not specified,"Applications are invited for appointment as Tenure-track Professor/ Associate Professor/ Assistant Professor in Global Health (several posts), School of Public Health (Ref.: 536310), to commence as so",https://hk.linkedin.com/jobs/view/tenure-track-professor-associate-professor-assistant-professor-in-global-health-several-posts-school-of-public-health-at-hkumed-%E2%80%93-the-university-of-hong-kong-4418123989,LinkedIn,2026-09-28,2026-09-29,Active,22.3492361,114.1857778,6c0230e6f7f95d23
Lecturer - Land Transport Engineering (Rail) [ITE College West],Institute of Technical Education,Transportation Engineering,,,,Unspecified,"Singapore, Singapore",Posted 1 week ago,,Not specified,"[What the role is] As a Lecturer, your contributions go beyond teaching and facilitating learning. You will play a critical role in recognising and nurturing your students' potential and their lifelon",https://sg.linkedin.com/jobs/view/lecturer-land-transport-engineering-rail-ite-college-west-at-institute-of-technical-education-4467694882,LinkedIn,2026-10-02,2026-10-02,Active,4.6734345,-74.1436672,88bf769ce8c21ca7
Assistant Professors in Business Administration,Jönköping University,Transportation Engineering,,,,Unspecified,"Jönköping, Jönköping County, Sweden",Posted 13 hours ago,,Not specified,"Jönköping International Business School (JIBS) is one of four schools within Jönköping University. We offer an international and team-oriented workplace with competitive education programmes, across B",https://se.linkedin.com/jobs/view/assistant-professors-in-business-administration-at-j%C3%B6nk%C3%B6ping-university-4473966498,LinkedIn,2026-10-01,2026-10-02,Active,57.7780222,14.162141,e274767183b1b68d
Assistant Professor in Regional & Community Planning,Kansas State University,Transportation Engineering,,,,Unspecified,"Manhattan, KS",Posted 1 day ago,,Not specified,"This job was posted by https://www.kansasworks.com : For more information, please see: https://www.kansasworks.com/jobs/13675937 ![](https://jobelephant.com/banners/35610.gif) **Assistant Professor in",https://www.linkedin.com/jobs/view/assistant-professor-in-regional-community-planning-at-kansas-state-university-4473289497,LinkedIn,2026-10-01,2026-10-02,Active,39.2086412,-96.5884966,cc81a3a07169c7a2
Assistant Professor,KIRDSA,Transportation Engineering,,,,Unspecified,"Dublin, County Dublin, Ireland",Posted 1 week ago,,Not specified,"Assistant Professor: Regional and Urban Planning, University College Dublin, Ireland Show more Show less",https://ie.linkedin.com/jobs/view/assistant-professor-at-kirdsa-4471169528,LinkedIn,2026-10-01,2026-10-02,Active,53.3493795,-6.2605593,a51c5bb903fb4330
"[LTA-PP] DEPUTY/ASSISTANT MANAGER, POLICY (PRIVATE TRANSPORT)",Land Transport Authority (LTA) Singapore,Transportation Engineering,,,,Unspecified,"Singapore, Singapore",Posted 5 days ago,,Not specified,"[What the role is] You will be part of LTA's Private Transport Policy Team, that develops and reviews policies that shape how Singaporeans own and use vehicles. The team is responsible for key policy",https://sg.linkedin.com/jobs/view/lta-pp-deputy-assistant-manager-policy-private-transport-at-land-transport-authority-lta-singapore-4470432609,LinkedIn,2026-09-27,2026-10-02,Active,1.2899175,103.8519072,6eaba38b6bbbb1a2
Assistant Professor for Computational Non-Target Screening of Contaminants of Emerging Concern,LEO Foundation Skin Immunology Research Center (SIC),Transportation Engineering,,,,Unspecified,"Copenhagen, Capital Region of Denmark, Denmark",Posted 13 hours ago,,Not specified,Assistant Professor for Computational Non-Target Screening of Contaminants of Emerging Concern Assistant Professor for Computational Non-Target Screening of Contaminants of Emerging Concern LEO Founda,https://dk.linkedin.com/jobs/view/assistant-professor-for-computational-non-target-screening-of-contaminants-of-emerging-concern-at-leo-foundation-skin-immunology-research-center-sic-4473969577,LinkedIn,2026-10-01,2026-10-02,Active,55.6867243,12.5700724,b4ddfe72eda28c5b
Assistant Director - Transportation Planning & Traffic Engineering,Loudoun County Government,Transportation Engineering,,,,Unspecified,"Leesburg, VA",Posted 5 days ago,,Not specified,Loudoun County Government has been named one of Forbes' 2025 Best Large Employers! We’re proud to be recognized nationally for our commitment to employee satisfaction and excellence in public service.,https://www.linkedin.com/jobs/view/assistant-director-transportation-planning-traffic-engineering-at-loudoun-county-government-4472244823,LinkedIn,2026-10-01,2026-10-02,Active,39.1139874,-77.563044,2d7424e7fe81fa97
"Assistant Professor, Sport Management, specialising in Digital Strategy",LUNEX,Transportation Engineering,,,,Unspecified,"Differdange, Luxembourg, Luxembourg",Posted 3 days ago,,Not specified,"About LUNEX LUNEX is a specialised higher‐education institution (établissement d'enseignment supérier specialisé) founded in 2015 in Differdange (Luxembourg), offering specialised programmes in health",https://lu.linkedin.com/jobs/view/assistant-professor-sport-management-specialising-in-digital-strategy-at-lunex-4471348040,LinkedIn,2026-10-01,2026-10-02,Active,49.5146637,5.8914954,84534adb11a1988d
Mathematician (Assistant Professor) - EXCEPTED SERVICE.,Maritime Administration (MARAD),Transportation Engineering,,,,Unspecified,"New York, NY",Posted 1 hour ago,,Not specified,"Duties As a Mathematician (Assistant Professor), You Will Be responsible for the development and conduct of educational courses and programs within the department, in particular teaching courses in Ma",https://www.linkedin.com/jobs/view/mathematician-assistant-professor-excepted-service-at-maritime-administration-marad-4474153695,LinkedIn,2026-10-01,2026-10-02,Active,40.7127281,-74.0060152,00943bd3a153f1ac
Assistant Lecturer in Human Geography,Maynooth University,Transportation Engineering,,,,Unspecified,"Maynooth, County Kildare, Ireland",Posted 1 day ago,,Not specified,Department: Geography Vacancy ID: 044204 Closing Date: 18-Oct-2026 Maynooth University is committed to a strategy in which the primary University goals of excellent research and scholarship and outsta,https://ie.linkedin.com/jobs/view/assistant-lecturer-in-human-geography-at-maynooth-university-4473587700,LinkedIn,2026-10-01,2026-10-02,Active,53.3820615,-6.5988074,5e152077721b65ac
Assistant Director (Civil Resource) - Navy,Ministry of Defence of Singapore,Transportation Engineering,,,,Unspecified,"Singapore, Singapore",Posted 2 days ago,,Not specified,"What The Role Is You will lead the development, execution and upkeep of maritime resource plans to support MINDEF/SAF requirements. Working closely with commercial maritime industry partners and stake",https://sg.linkedin.com/jobs/view/assistant-director-civil-resource-navy-at-ministry-of-defence-of-singapore-4472120167,LinkedIn,2026-10-02,2026-10-02,Active,1.3722604,103.7629505,ca48dce1dc7235ab
ASSISTANT/ASSOCIATE PROFESSOR - Mechanical and Aerospace Engineering #00098258,Missouri University of Science and Technology,Transportation Engineering,,,,Unspecified,"Rolla, MO",Posted 21 hours ago,,Not specified,ASSISTANT/ASSOCIATE PROFESSOR - Mechanical and Aerospace Engineering #00098258 ASSISTANT/ASSOCIATE PROFESSOR - Mechanical and Aerospace Engineering #00098258 Missouri University of Science and Technol,https://www.linkedin.com/jobs/view/assistant-associate-professor-mechanical-and-aerospace-engineering-%2300098258-at-missouri-university-of-science-and-technology-4464936601,LinkedIn,2026-10-01,2026-10-01,Active,37.9532435,-91.7742667,664e10f5664e3e49
"Assistant Professor / Associate Professor (Tenure-Track), Associate Professor (Practice-Track) in Maritime Studies",Nanyang Technological University Singapore,Transportation Engineering,,,,Unspecified,"Singapore, Singapore",Posted 2 months ago,,Not specified,"NTU Singapore is in one of the world's most rapidly growing countries. As a beautiful and vibrant nation in Southeast Asia, Singapore attracts top talent from around the globe. NTU Singapore is one of",https://sg.linkedin.com/jobs/view/assistant-professor-associate-professor-tenure-track-associate-professor-practice-track-in-maritime-studies-at-nanyang-technological-university-singapore-4432368242,LinkedIn,2026-09-28,2026-10-02,Active,1.3483,103.6831,1e0a7536f9329af5
"Assistant Professor (Biostatistics and Modelling), Saw Swee Hock School of Public Health, NUS",National University of Singapore,Transportation Engineering,,,,Unspecified,"Singapore, Singapore",Posted 3 months ago,,Not specified,"Job Title: Assistant Professor (Biostatistics and Modelling), Saw Swee Hock School of Public Health, NUS University-Level Unit: Saw Swee Hock School of Public Health Faculty/Department-Level Unit: Saw",https://sg.linkedin.com/jobs/view/assistant-professor-biostatistics-and-modelling-saw-swee-hock-school-of-public-health-nus-at-national-university-of-singapore-4433037029,LinkedIn,2026-09-28,2026-09-29,Active,1.2966,103.7764,dcb75613dfdef163
Assistant Professor - Mechatronics and Mechanical Engineering,Ontario Tech University,Transportation Engineering,,,,Unspecified,"Oshawa, Ontario, Canada",Posted 2 days ago,,Not specified,"Tracking Code: req2248 Faculty/Department: Faculty of Engineering and Applied Science Appointment Type: Tenured and Tenure-Track, Full-time Continuing Number of Positions: 1 Salary Grade: Hiring Range",https://ca.linkedin.com/jobs/view/assistant-professor-mechatronics-and-mechanical-engineering-at-ontario-tech-university-4466293036,LinkedIn,2026-09-27,2026-10-02,Active,43.9483414,-78.8982025,388fabc48392f309
"Research Assistant Professor, Assistant Center Director",Penn State University,Transportation Engineering,,,,Unspecified,"Altoona, PA",Posted 4 months ago,,Not specified,"APPLICATION INSTRUCTIONS: CURRENT PENN STATE EMPLOYEE (faculty, staff, technical service, or student), please login to Workday to complete the internal application process. Please do not apply here, a",https://www.linkedin.com/jobs/view/research-assistant-professor-assistant-center-director-at-penn-state-university-4412163124,LinkedIn,2026-10-01,2026-10-02,Active,40.7982,-77.8599,bb3a66f7eab21b92
Lecturer (Mobility & Robotic Systems),Republic Polytechnic,Transportation Engineering,,,,Unspecified,"Singapore, Singapore",Posted 1 week ago,,Not specified,"Job Description: Curriculum development, course delivery and student project supervision in the areas of large mobility and smart robotic engineering systems. This includes, but is not limited to, aut",https://sg.linkedin.com/jobs/view/lecturer-mobility-robotic-systems-at-republic-polytechnic-4466503273,LinkedIn,2026-09-27,2026-09-30,Active,1.4443688,103.7853712,00c292267aae717a
Tenure-Track Assistant Professor of Mathematics,Rutgers Transportation Services,Transportation Engineering,,,,Unspecified,"Piscataway, NJ",Posted 1 day ago,,Not specified,"Position Details Position Information Recruitment/Posting Title Tenure-Track Assistant Professor of Mathematics Department Mathematics Salary Details Salary Minimum $80,000 Offer Information The final",https://www.linkedin.com/jobs/view/tenure-track-assistant-professor-of-mathematics-at-rutgers-transportation-services-4473983685,LinkedIn,2026-10-02,2026-10-02,Active,40.5464326,-74.4660542,c70af85c923c3087
Tenure-Track Position in Public Policy and Governance – Department of Political Science and Global Development Studies,Saint Mary's University,Transportation Engineering,,,,Unspecified,"Halifax, Nova Scotia, Canada",Posted 2 weeks ago,,Not specified,Tenure-Track Position in Public Policy and Governance – Department of Political Science and Global Development Studies Tenure-Track Position in Public Policy and Governance – Department of Political S,https://ca.linkedin.com/jobs/view/tenure-track-position-in-public-policy-and-governance-%E2%80%93-department-of-political-science-and-global-development-studies-at-saint-mary-s-university-4464241223,LinkedIn,2026-10-01,2026-10-02,Active,44.6311146,-63.580134,f864d6b13e0147f8
"Assistant Professor of Civil, Construction, and Environmental Engineering",San Diego State University,Transportation Engineering,,,,Unspecified,San Diego Metropolitan Area,Posted 15 hours ago,,Not specified,"Description The San Diego State University Civil, Construction and Environmental Engineering (CCEE) seeks to hire a tenure-track assistant professor with expertise in construction planning, execution",https://www.linkedin.com/jobs/view/assistant-professor-of-civil-construction-and-environmental-engineering-at-san-diego-state-university-4472340763,LinkedIn,2026-10-01,2026-10-02,Active,32.7761529,-117.0733037,8e10bc68b4d8034a
Assistant Professor of Economics - Urban/Regional Spatial Data Analysis,San José State University,Transportation Engineering,,,,Unspecified,"San Jose, CA",Posted 5 days ago,,Not specified,"Position Rank and Title: Assistant Professor of Economics School/Department Name: Department of Economics, College of Social Sciences Compensation: Commensurate with qualifications, experience, and ra",https://www.linkedin.com/jobs/view/assistant-professor-of-economics-urban-regional-spatial-data-analysis-at-san-jos%C3%A9-state-university-4454304392,LinkedIn,2026-10-01,2026-10-02,Active,37.3351902,-121.881225,8f931a7dcebc3de3
Assistant Professor / Associate Professor / Professor in Digital Supply Chain,Singapore Institute of Technology,Transportation Engineering,,,,Unspecified,"Singapore, Singapore",Posted 2 weeks ago,,Not specified,Job Description Assistant Professor / Associate Professor / Professor in Digital Supply Chain Posting Start Date: 01/08/2025 Schemes of Service: Faculty Division: Engineering Employment Type: Fixed Te,https://sg.linkedin.com/jobs/view/assistant-professor-associate-professor-professor-in-digital-supply-chain-at-singapore-institute-of-technology-4278938030,LinkedIn,2026-10-01,2026-10-02,Active,1.4123197,103.9094621,dc9d59570835ff1a
Teaching Assistant Professor,State of South Carolina,Transportation Engineering,,,,Unspecified,"Columbia, SC",Posted 18 hours ago,,Not specified,Job Responsibilities Teaching Assistant Professor Department: CEC Civil and Environmental Engineering Part/Full Time: Full Time Advertised Salary Range: To commensurate with qualifications About UofSC,https://www.linkedin.com/jobs/view/teaching-assistant-professor-at-state-of-south-carolina-4471523322,LinkedIn,2026-09-29,2026-10-02,Active,39.7978672,-77.255923,b9c68db81eb752b4
"Full Professor, Associate Professor, or Assistant Professor in Defense-related Technologies for Unmanned Aerial Systems Engineering for Defense",Syddansk Universitet - University of Southern Denmark,Transportation Engineering,,,,Unspecified,Greater Odense Area,Posted 1 week ago,,Not specified,"Full Professor, Associate Professor, or Assistant Professor in Defense-related Technologies for Unmanned Aerial Systems Engineering for Defense Full Professor, Associate Professor, or Assistant Profes",https://dk.linkedin.com/jobs/view/full-professor-associate-professor-or-assistant-professor-in-defense-related-technologies-for-unmanned-aerial-systems-engineering-for-defense-at-syddansk-universitet-university-of-southern-denmark-4466648729,LinkedIn,2026-10-01,2026-10-02,Active,55.3678533,10.4280534,a3c68961bb3746e6
Lecturer (Aviation Management) / School of Engineering,Temasek Polytechnic,Transportation Engineering,,,,Unspecified,"Singapore, Singapore",Posted 4 weeks ago,,Not specified,"What The Role Is Lecturer (Aviation Management) / School of Engineering What You Will Be Working On Conduct lectures, tutorials, laboratory sessions, project supervision, and student consultations for",https://sg.linkedin.com/jobs/view/lecturer-aviation-management-school-of-engineering-at-temasek-polytechnic-4453496570,LinkedIn,2026-10-01,2026-10-02,Active,1.3450223,103.9330556,862ffa56b73012ad
Tenure-Track: Assistant Professor (Aerodynamics and Unmanned Aerial Vehicle),Texas A&M University,Transportation Engineering,,,,Unspecified,"College Station, TX",Posted 2 weeks ago,,Not specified,"The Department of Aerospace Engineering, College of Engineering at Texas A&M University invites applications for a full-time tenure-track faculty position with a 9-month academic appointment, with the",https://www.linkedin.com/jobs/view/tenure-track-assistant-professor-aerodynamics-and-unmanned-aerial-vehicle-at-texas-a-m-university-4468295682,LinkedIn,2026-10-02,2026-10-02,Active,30.6187,-96.3365,0f46173fb63f3fb7
Assistant or Associate Professor in Management – Operations and Supply Chain Management,The American College of Greece,Transportation Engineering,,,,Unspecified,"Athens, Attiki, Greece",Posted 21 hours ago,,Not specified,"Alba Graduate Business School seeks an ambitious scholar with a strong research trajectory in Operations Management, Supply Chain Management, or a closely related area of Management. Relevant research",https://gr.linkedin.com/jobs/view/assistant-or-associate-professor-in-management-%E2%80%93-operations-and-supply-chain-management-at-the-american-college-of-greece-4471999873,LinkedIn,2026-10-01,2026-10-02,Active,38.003282,23.8317208,154bc2d385933c45
Assistant Professor of Economics - Urban/Regional Spatial Data Analysis,The California State University,Transportation Engineering,,,,Unspecified,"San Jose, CA",Posted 1 month ago,,Not specified,"Position Rank and Title: Assistant Professor of Economics School/Department Name: Department of Economics, College of Social Sciences Compensation: Commensurate with qualifications, experience, and ra",https://www.linkedin.com/jobs/view/assistant-professor-of-economics-urban-regional-spatial-data-analysis-at-the-california-state-university-4453250485,LinkedIn,2026-10-01,2026-10-02,Active,34.2455346,-118.5263221,4e72794ba80f8d06
Research Assistant Professor,The Chinese University of Hong Kong,Transportation Engineering,,,,Unspecified,"Hong Kong, Hong Kong SAR",Posted 2 weeks ago,,Not specified,Department of Electronic Engineering Research Assistant Professor (Ref.: 260001FH) (Closing Date: Until the post is filled) The Department of Electronic Engineering (EE) at the Chinese University of H,https://hk.linkedin.com/jobs/view/research-assistant-professor-at-the-chinese-university-of-hong-kong-4466058445,LinkedIn,2026-09-30,2026-09-30,Active,22.4201838,114.2079145,78a3531d318468ce
Assistant Professor (Tenure-track) – Architectural History and Urban Studies,The City University of New York,Transportation Engineering,,,,Unspecified,"New York, NY",Posted 1 week ago,,Not specified,"FACULTY VACANCY ANNOUNCEMENT The Bernard and Anne Spitzer School of Architecture (SSA) seeks applications for a full-time, tenure-track position in architectural history and urban studies at the enter",https://www.linkedin.com/jobs/view/assistant-professor-tenure-track-%E2%80%93-architectural-history-and-urban-studies-at-the-city-university-of-new-york-4470413121,LinkedIn,2026-10-02,2026-10-02,Active,40.8077507,-73.9624901,9b2637e6a8c938bb
Assistant Professor in International Development (Quantitative Social Science),The London School of Economics and Political Science (LSE),Transportation Engineering,,,,Unspecified,"London, England, United Kingdom",Posted 2 weeks ago,,Not specified,"LSE is committed to building a diverse, equitable and truly inclusive university As an equal opportunities employer strongly committed to diversity and inclusion, we encourage applications from those ",https://uk.linkedin.com/jobs/view/assistant-professor-in-international-development-quantitative-social-science-at-the-london-school-of-economics-and-political-science-lse-4461566153,LinkedIn,2026-10-02,2026-10-02,Active,51.5074456,-0.1277653,69e89c6a307e9a14
Assistant Professor (tenure-track),The University of British Columbia,Transportation Engineering,,,,Unspecified,"Vancouver, British Columbia, Canada",Posted 2 months ago,,Not specified,Academic Job Category Faculty Bargaining Job Title Assistant Professor (tenure-track) Department Administrative Leadership | Department of Civil Engineering | Faculty of Applied Science (Bernard Laval,https://ca.linkedin.com/jobs/view/assistant-professor-tenure-track-at-the-university-of-british-columbia-4446163254,LinkedIn,2026-09-27,2026-10-02,Active,49.2606,-123.246,67496928d1d58372
Assistant Professor,The University of North Carolina at Chapel Hill,Transportation Engineering,,,,Unspecified,"North Carolina, United States",Posted 2 weeks ago,,Not specified,Posting Information Posting Information Department City and Regional Planning - 315600 Posting Open Date 09/16/2026 Application Deadline 11/05/2026 Open Until Filled No Position Type Permanent Faculty,https://www.linkedin.com/jobs/view/assistant-professor-at-the-university-of-north-carolina-at-chapel-hill-4466858895,LinkedIn,2026-10-01,2026-10-02,Active,35.6729639,-79.0392919,6136ec813df183f2
Assistant Professor,The University of Texas at Arlington,Transportation Engineering,,,,Unspecified,"Arlington, TX",Posted 3 weeks ago,,Not specified,"Job Summary The Department of Public Affairs and Planning in the College of Architecture, Planning, and Public Affairs ( CAPPA ), at the University of Texas at Arlington, invites applications for a fu",https://www.linkedin.com/jobs/view/assistant-professor-at-the-university-of-texas-at-arlington-4465888489,LinkedIn,2026-10-02,2026-10-02,Active,32.7284713,-97.1120213,786d8625d3eb7f22
Assistant Professor of Electrical and Computer Engineering,The University of Texas at El Paso,Transportation Engineering,,,,Unspecified,"El Paso, TX",Posted 3 weeks ago,,Not specified,"Location: El Paso, TX Category: Engineering Job Type: Full-time Posted On: Wed Sep 9 2026 Job Description: The Department of Electrical and Computer Engineering (ECE) at The University of Texas at El",https://www.linkedin.com/jobs/view/assistant-professor-of-electrical-and-computer-engineering-at-the-university-of-texas-at-el-paso-4465369446,LinkedIn,2026-10-01,2026-10-02,Active,31.7757794,-106.5078711,8b1761788d4a46f5
Assistant Professor – Statistical Learning Theory,The University of Toronto Engineering Society,Transportation Engineering,,,,Unspecified,"Toronto, Ontario, Canada",Posted 2 months ago,,Not specified,Position Description The Department of Statistical Sciences in the Faculty of Arts and Science at the University of Toronto invites applications for a full-time tenure stream position in the area of S,https://ca.linkedin.com/jobs/view/assistant-professor-%E2%80%93-statistical-learning-theory-at-the-university-of-toronto-engineering-society-4439922753,LinkedIn,2026-10-01,2026-10-02,Active,43.6629,-79.3957,b8000dd39a2ffd80
"Assistant, Associate, or Full Professor (Ladder Rank): Artificial Intelligence & Public Policy",UC San Diego Academic Jobs,Transportation Engineering,,,,Unspecified,"San Diego, CA",Posted 3 months ago,,Not specified,Position overview Position Titles: Assistant Professor of Artificial Intelligence and Public Policy Associate or Full Professor of Artificial Intelligence and Public Policy Salary range: A reasonable,https://www.linkedin.com/jobs/view/assistant-associate-or-full-professor-ladder-rank-artificial-intelligence-public-policy-at-uc-san-diego-academic-jobs-4436181013,LinkedIn,2026-10-01,2026-10-02,Active,32.7157062,-117.1638284,8bd030de26ce34cb
Assistant Professor - Urban Analytics,UMass Boston,Transportation Engineering,,,,Unspecified,Greater Boston,Posted 1 week ago,,"$80,000 - $98,003",Job Description The Department of Urban Planning and Community Development (UPCD) in the School for the Environment at the University of Massachusetts Boston (UMB) invites applications for a full-time,https://www.linkedin.com/jobs/view/assistant-professor-urban-analytics-at-umass-boston-4469629227,LinkedIn,2026-10-01,2026-10-02,Active,42.314068,-71.0387132,18d2edee77596e22
"Tenured or Tenure-Track Cluster of Assistant, Associate, or Full Professor Positions in Mining Engineering (Geostatistics)",University of Alberta,Transportation Engineering,,,,Unspecified,"Edmonton, Alberta, Canada",Posted 1 week ago,,Not specified,"Tenured or Tenure-Track Cluster of Assistant, Associate, or Full Professor Positions in Mining Engineering (Geostatistics) Tenured or Tenure-Track Cluster of Assistant, Associate, or Full Professor Po",https://ca.linkedin.com/jobs/view/tenured-or-tenure-track-cluster-of-assistant-associate-or-full-professor-positions-in-mining-engineering-geostatistics-at-university-of-alberta-4404867769,LinkedIn,2026-10-02,2026-10-02,Active,53.5232,-113.5263,624cb689fded2a36
Assistant Professor (Two Open Positions),University of Arkansas ­- Sam M. Walton College of Business,Transportation Engineering,,,,Unspecified,"Fayetteville, AR",Posted 1 month ago,,Not specified,"Current University of Arkansas System employees, including student employees and graduate assistants, need to log in to Workday via MyApps.Microsoft.com, then access Find Jobs from the Workday search",https://www.linkedin.com/jobs/view/assistant-professor-two-open-positions-at-university-of-arkansas-%C2%AD-sam-m-walton-college-of-business-4460109211,LinkedIn,2026-10-01,2026-10-02,Active,36.0625843,-94.1574328,8b974c86c7dfa1c1
Assistant or Associate Professor in Structural Engineering (Research and Education) - School of Engineering - 107706 - Grade 8 or 9,University of Birmingham,Transportation Engineering,,,,Unspecified,"Birmingham, England, United Kingdom",Posted 1 month ago,,Not specified,Assistant or Associate Professor in Structural Engineering (Research and Education) - School of Engineering - 107706 - Grade 8 or 9 Assistant or Associate Professor in Structural Engineering (Research,https://uk.linkedin.com/jobs/view/assistant-or-associate-professor-in-structural-engineering-research-and-education-school-of-engineering-107706-grade-8-or-9-at-university-of-birmingham-4456842407,LinkedIn,2026-10-02,2026-10-02,Active,52.4508,-1.9305,337b52e2521d491e
"Tenure Track Assistant Professor, Canada Impact+ Emerging Leader, Quantitative Health Equity Research, Department of Community Health Sciences",University of Calgary,Transportation Engineering,,,,Unspecified,"Calgary, Alberta, Canada",Posted 3 weeks ago,,Not specified,"Tenure Track Assistant Professor, Canada Impact+ Emerging Leader, Quantitative Health Equity Research, Department of Community Health Sciences Tenure Track Assistant Professor, Canada Impact+ Emerging",https://ca.linkedin.com/jobs/view/tenure-track-assistant-professor-canada-impact%2B-emerging-leader-quantitative-health-equity-research-department-of-community-health-sciences-at-university-of-calgary-4462755502,LinkedIn,2026-10-02,2026-10-02,Active,51.0778,-114.1332,453a20cd0b4b803d
LECTURER/Instructional Assistant Professor,University of Florida,Transportation Engineering,,,,Unspecified,"Gainesville, FL",Posted 2 weeks ago,,Not specified,"Classification Title Instructional Assistant Professor/Lecturer Classification Minimum Requirements The candidate must have an advanced degree in urban and regional planning, landscape architecture, u",https://www.linkedin.com/jobs/view/lecturer-instructional-assistant-professor-at-university-of-florida-4467572007,LinkedIn,2026-10-01,2026-10-02,Active,29.6436,-82.3549,9b6b271cd9e3d13c
Assistant or Associate Professor in Supply Chain Management,University of Guelph,Transportation Engineering,,,,Unspecified,"Guelph, Ontario, Canada",Posted 6 months ago,,Not specified,"Location: Guelph, ON, CA, N1G 2W1 Primary Category Page: Faculty, Librarian and Veterinarian Division: Gordon S Lang School of Business and Economics Requisition ID: 2283 Position Title / Rank: Assist",https://ca.linkedin.com/jobs/view/assistant-or-associate-professor-in-supply-chain-management-at-university-of-guelph-4397076267,LinkedIn,2026-10-02,2026-10-02,Active,43.5327864,-80.2249974,e9269b52adecc4bd
Assistant / Associate / Full Professor Land Use (Tenure-Track) - Urban & Regional Planning,University of Illinois Urbana-Champaign,Transportation Engineering,,,,Unspecified,"Urbana, IL",Posted 19 hours ago,,Not specified,Assistant Professor/Associate Professor/Professor - Land Use (Tenure-Track) Department of Urban and Regional Planning College of Fine & Applied Arts University of Illinois Urbana-Champaign The Departm,https://www.linkedin.com/jobs/view/assistant-associate-full-professor-land-use-tenure-track-urban-regional-planning-at-university-of-illinois-urbana-champaign-4464659038,LinkedIn,2026-10-01,2026-10-02,Active,40.102,-88.2272,f854191688870ed4
"Assistant or Associate Professor, Space Systems Design",University of Manitoba,Transportation Engineering,,,,Unspecified,"Winnipeg, Manitoba, Canada",Posted 5 days ago,,Not specified,"Assistant or Associate Professor, Space Systems Design Position number: 38207 Probationary Mechanical Engineering Price Faculty of Engineering Advertised until: November 30, 2026 or until filled Full-",https://ca.linkedin.com/jobs/view/assistant-or-associate-professor-space-systems-design-at-university-of-manitoba-4472092322,LinkedIn,2026-10-01,2026-10-02,Active,49.8094,-97.1327,c2d9c1754bb66710
Tenure-Track Professor of Real Estate Development (Open Rank),University of Michigan,Transportation Engineering,,,,Unspecified,"Ann Arbor, MI",Posted 4 months ago,,Not specified,How to Apply Applicants should submit one PDF (500kb size limit) containing the following: Cover letter describing your interest in and qualifications for the position Curriculum vitae Names and conta,https://www.linkedin.com/jobs/view/tenure-track-professor-of-real-estate-development-open-rank-at-university-of-michigan-4417005635,LinkedIn,2026-10-02,2026-10-02,Active,42.278,-83.7382,6d678dd63d271e76
"Lee Assistant/Associate Professor of Economics, Real Estate and Urban Economics (R0153553)",University of Nevada-Las Vegas,Transportation Engineering,,,,Unspecified,"Las Vegas, NV",Posted 2 weeks ago,,Not specified,"The University Of Nevada, Las Vegas (UNLV) Appreciates Your Interest In Employment. We Ask That You Keep In Mind The Following When Completing Your Application Once you start the application process y",https://www.linkedin.com/jobs/view/lee-assistant-associate-professor-of-economics-real-estate-and-urban-economics-r0153553-at-university-of-nevada-las-vegas-4467297476,LinkedIn,2026-10-01,2026-10-02,Active,36.1079411,-115.1439051,2e04493c6bcebcfe
"Department of Geodesy and Geomatics Engineering: Tenure-Track Assistant Professor in Positioning, Navigation, and Timing",University of New Brunswick,Transportation Engineering,,,,Unspecified,"Fredericton, New Brunswick, Canada",Posted 5 months ago,,Not specified,"Department of Geodesy and Geomatics Engineering: Tenure-Track Assistant Professor in Positioning, Navigation, and Timing Department of Geodesy and Geomatics Engineering: Tenure-Track Assistant Profess",https://ca.linkedin.com/jobs/view/department-of-geodesy-and-geomatics-engineering-tenure-track-assistant-professor-in-positioning-navigation-and-timing-at-university-of-new-brunswick-4406141089,LinkedIn,2026-10-02,2026-10-02,Active,45.9455202,-66.6401861,6f8958be6b7d9994
Tenure-Track Faculty Position (Open Rank) - all areas,University of Notre Dame,Transportation Engineering,,,,Unspecified,"Notre Dame, New Brunswick, Canada",Posted 6 days ago,,Not specified,"University Job: Tenure-Track Faculty Position (Open Rank)- Robotics, University of Notre Dame Showing jobs in Engineering . Looking for other jobs? Academic Keys (home page) Adjuncts Agriculture Busin",https://ca.linkedin.com/jobs/view/tenure-track-faculty-position-open-rank-all-areas-at-university-of-notre-dame-4463103000,LinkedIn,2026-10-02,2026-10-02,Active,41.7045677,-86.2382203,bf3ba3056fe418d9
Two Assistant Professorship Positions in Sustainability Studies,University of Twente,Transportation Engineering,,,,Unspecified,"Enschede, Overijssel, Netherlands",Posted 1 week ago,,Not specified,"Job Description We seek new enthusiastic colleagues whose academic training and research experience provide a clear foundation for contributing to: Position 1: Social science, quantitative and qualita",https://nl.linkedin.com/jobs/view/two-assistant-professorship-positions-in-sustainability-studies-at-university-of-twente-4463028013,LinkedIn,2026-09-27,2026-09-30,Active,52.2433268,6.8509157,bc3324541c93bcd3
Assistant Professor - Athletic Training/Kinesiology,University of Wisconsin-La Crosse,Transportation Engineering,,,,Unspecified,"La Crosse, WI",Posted 1 week ago,,Not specified,"Current Employees: If you are currently employed at any of the Universities of Wisconsin, log in to Workday to apply through the internal application process. Position Title Assistant Professor - Athl",https://www.linkedin.com/jobs/view/assistant-professor-athletic-training-kinesiology-at-university-of-wisconsin-la-crosse-4459442412,LinkedIn,2026-10-02,2026-10-02,Active,43.8156316,-91.2314611,6cb331a85b851359
Tenure-track Faculty Position in Data Analysis and Quantitative Methods,Université Laval,Transportation Engineering,,,,Unspecified,"Québec, Quebec, Canada",Posted 2 months ago,,Not specified,"General information More than a school, Université Laval is an entire community in the heart of Quebec City, a complete university recognized for its culture of excellence both in teaching and researc",https://ca.linkedin.com/jobs/view/tenure-track-faculty-position-in-data-analysis-and-quantitative-methods-at-universit%C3%A9-laval-4445943132,LinkedIn,2026-10-01,2026-10-02,Active,46.7811677,-71.2741361,d3156802feb660c0
Assistant Professor in Engineering Sciences,Uppsala University,Transportation Engineering,,,,Unspecified,"Uppsala, Uppsala County, Sweden",Posted 1 week ago,,Not specified,"Are you ready to shape the future of research and education? At Uppsala University, your ideas matter. We welcome top talents in Science and Technology to a world-class environment driving innovation",https://se.linkedin.com/jobs/view/assistant-professor-in-engineering-sciences-at-uppsala-university-4469465117,LinkedIn,2026-10-01,2026-10-02,Active,59.8576363,17.6294616,b15b03a481822584
Professional Practice Assistant Professor - Air Traffic Control,Utah State University,Transportation Engineering,,,,Unspecified,"Logan, UT",Posted 4 weeks ago,,Not specified,Overview Utah State University’s Aviation Technology is seeking candidates for an aviation Professional Practice Assistant Professor role (95% Teaching 5% Service roles) that focuses primarily upon te,https://www.linkedin.com/jobs/view/professional-practice-assistant-professor-air-traffic-control-at-utah-state-university-4462897860,LinkedIn,2026-10-02,2026-10-02,Active,41.7526959,-111.808733,02b944bc9d0177ba
Assistant Professor in Applied Mathematics,Utrecht University,Transportation Engineering,,,,Unspecified,"Utrecht, Utrecht, Netherlands",Posted 1 day ago,,Not specified,"Join the Mathematical Institute of Utrecht University! As Assistant Professor in Applied Mathematics, you’ll develop your research programme, inspire students and advance education. Collaborating clos",https://nl.linkedin.com/jobs/view/assistant-professor-in-applied-mathematics-at-utrecht-university-4471740837,LinkedIn,2026-10-01,2026-10-02,Active,52.0942343,5.1211881,a114cd232ce97052
WARSIM/JCATS Instructor Controller,Valiant Integrated Services,Transportation Engineering,,,,Unspecified,Busan Metropolitan Area,Posted 2 months ago,,Not specified,Valiant is looking for a WARSIM/JCATS Instructor Controller to join our team! Essential Duties And Responsibilities Support military training exercises for the Korea Battle Simulation Center. Responsi,https://kr.linkedin.com/jobs/view/warsim-jcats-instructor-controller-at-valiant-integrated-services-4430736441,LinkedIn,2026-09-27,2026-10-02,Active,35.1283054,129.0960519,699310b717b5d28c
Open Rank - Research Faculty,Virginia Tech,Transportation Engineering,,,,Unspecified,"Blacksburg, VA",Posted 2 months ago,,Not specified,"Assistant/Associate Professor Employer Virginia Tech Location Blacksburg, Virginia, United States Salary Competitive Salary Date posted Sep 23, 2026 View more categories View less categories Position ",https://www.linkedin.com/jobs/view/open-rank-research-faculty-at-virginia-tech-4436626390,LinkedIn,2026-10-02,2026-10-02,Active,37.2284,-80.4234,506a4da7eb130285
Transport Strategy Assistant,WMJobs,Transportation Engineering,,,,Unspecified,"Stafford, England, United Kingdom",Posted 5 days ago,,Not specified,"Staffordshire County Council, We are looking for a new person to join the Connectivity Strategy team to help us shape the future transport network in Staffordshire. Local transport has a huge impact o",https://uk.linkedin.com/jobs/view/transport-strategy-assistant-at-wmjobs-4470771495,LinkedIn,2026-10-01,2026-10-02,Active,52.8063157,-2.1163818,a369f2c076fc175f
"Logistics Operations Planning Assistant Manager, Test Course Operations",Woven by Toyota,Transportation Engineering,,,,Unspecified,"Susono, Shizuoka, Japan",Posted 3 weeks ago,,Not specified,"About Woven By Toyota Woven by Toyota is enabling Toyota’s once-in-a-century transformation into a mobility company. Inspired by a legacy of innovating for the benefit of others, our mission is to cha",https://jp.linkedin.com/jobs/view/logistics-operations-planning-assistant-manager-test-course-operations-at-woven-by-toyota-4441816215,LinkedIn,2026-09-27,2026-10-02,Active,40.7039729,-73.986845,951e0a12877591f6
Transport Modeller / Assistant Transport Modeller,WSP in the UK & Ireland,Transportation Engineering,,,,Unspecified,"Exeter, England, United Kingdom",Posted 2 weeks ago,,Not specified,"Job Description What if you could do the kind of work the world needs? At WSP, you can access our global scale, contribute to landmark projects and connect with the brightest minds in your field to do",https://uk.linkedin.com/jobs/view/transport-modeller-assistant-transport-modeller-at-wsp-in-the-uk-ireland-4468651711,LinkedIn,2026-10-02,2026-10-02,Active,50.7256138,-3.5269209,5f94ca78c1b8c308
Assistant Professor in Urban and Regional Planning,Louisiana State University New Orleans,Department of Planning and Urban Studies,8,"Strong interdisciplinary fit for an Assistant Professor in Urban and Regional Planning with a specific interest in transportation planning, GIS, and spatial analytics.","Urban and Regional Planning, Transportation Planning, GIS and Spatial Analytics, Climate Adaptation and Environmental Planning",Tenure-Track,"New Orleans, LA",2026-09-30,2026-10-01,DOE,"LSU New Orleans seeks a tenure-track Assistant Professor in Urban and Regional Planning to teach graduate courses in the MURP program, mentor students, and maintain an active research agenda requiring a Ph.D. in Urban and Regional Planning or a closely related field. | Research Topics: Urban and Regional Planning, Transportation Planning, GIS and Spatial Analytics, Climate Adaptation and Environmental Planning",https://jobs.chronicle.com/job/38025681/assistant-professor-planning-and-urban-studies-/,Chronicle,2026-09-13,2026-10-02,Active,29.9911944,-90.0835067,f373f0209d1c2577
"Assistant Professor of Civil, Construction and Environmental Engineering (Transportation Engineering)",University of Alabama,"Department of Civil, Construction and Environmental Engineering",8,"Tenure-track Assistant Professor position in Civil Engineering explicitly recruiting in Transportation Engineering with focus areas including public transportation, network analysis, data science, and transportation planning.","Transportation Systems & Planning, Public Transportation, Network Analysis & Big Data in Transportation, Multimodal Transportation Safety & Operations",Tenure-Track,"Tuscaloosa, AL",Priority: 2026-10-01 / Final: Open until filled,2026-10-01,Not specified,"The Department of Civil, Construction and Environmental Engineering seeks a tenure-track Assistant Professor in Transportation Engineering and related civil disciplines with an earned Ph.D. in Civil Engineering or a closely related field. | Research Topics: Transportation Systems & Planning, Public Transportation, Network Analysis & Big Data in Transportation, Multimodal Transportation Safety & Operations",https://engineering.academickeys.com/job/02ixzgls/Civil-Construction-and-Environmental-Engineering--Assistant-Professor,AcademicKeys,2026-10-02,2026-10-02,Active,33.2120822,-87.5396735,f80ad2336a210f82
Tenure-track Assistant Professor – AI for Automotive and Mobility Systems,The Ohio State University,Department of Mechanical and Aerospace Engineering,4,"While the position focuses on AI for ground transportation and mobility, it is based in Mechanical and Aerospace Engineering with a primary focus on automotive engineering, control, and vehicle dynamics rather than transportation planning and systems engineering.","AI for Ground Transportation, Automotive and Mobility Systems, Vehicle Control and Optimization, Intelligent Infrastructure",Tenure-Track,"Columbus, OH",Priority: 2026-10-01 / Final: Open until filled,2026-10-01,Not specified,"The Department of Mechanical and Aerospace Engineering seeks a tenure-track assistant professor applying AI/ML to automotive and ground mobility systems, requiring a doctorate in mechanical engineering or a closely related discipline. | Research Topics: AI for Ground Transportation, Automotive and Mobility Systems, Vehicle Control and Optimization, Intelligent Infrastructure",https://jobs.chronicle.com/job/38039154/tenure-track-assistant-professor-ai-for-automotive-and-mobility-systems/,Chronicle,2026-10-02,2026-10-02,Active,40.0067,-83.0305,b5690754b2f4d69a
Tenure Track Assistant Professor of Industrial and Manufacturing Engineering,"California State Polytechnic University, Pomona",Industrial and Manufacturing Engineering Department,3,"This is an Industrial and Manufacturing Engineering position focusing on human-system integration and ergonomics, which does not align with the candidate's core expertise in transportation engineering and planning.","Human-System Integration, Human Factors and Ergonomics, Intelligent Systems, Decision Sciences",Tenure-Track,"Pomona, CA",Priority: 2026-10-01 / Final: Open until filled,2026-10-01,Not specified,"The position seeks a tenure-track Assistant Professor with expertise in human-system integration and decision sciences, requiring a Ph.D. in Industrial Engineering, Manufacturing Engineering, or a closely related field. | Research Topics: Human-System Integration, Human Factors and Ergonomics, Intelligent Systems, Decision Sciences",https://engineering.academickeys.com/job/v0ih9zfg/Tenure-Track-Faculty-Position,AcademicKeys,2026-10-01,2026-10-02,Active,34.0556686,-117.8239282,f2c11f1e74c28de6
Assistant Professor of Mechanical Engineering,University of Alabama,Department of Mechanical Engineering,3,"The position is in Mechanical Engineering requiring a Ph.D. in ME or IE, offering only incidental overlap with the candidate's core background in transportation engineering and travel behavior analysis.","Future Mobility, Autonomous Transportation, Smart Infrastructure, Operations Research and Data Analytics",Tenure-Track,"Tuscaloosa, AL",Priority: 2026-10-01 / Open until filled,2026-10-01,Not specified,"The Department of Mechanical Engineering at the University of Alabama seeks tenure-track Assistant Professor candidates with a Ph.D. in Mechanical Engineering, Industrial Engineering, or a closely related discipline. | Research Topics: Future Mobility, Autonomous Transportation, Smart Infrastructure, Operations Research and Data Analytics",https://engineering.academickeys.com/job/7tojey4s/Mechanical-Engineering--Assistant-Professor,AcademicKeys,2026-10-01,2026-10-02,Active,33.2120822,-87.5396735,7c4b58541d6f5578
FACULTY POSITION IN ACCOUNTING,American Accounting Association,Transportation Engineering,,,,Unspecified,"Seoul, Seoul, South Korea",2026-10-01,2026-10-01,Not specified,You will need to login before you can apply for a job. More Results Previous jobAssistant/Associate Professor of... Assistant Teaching ProfessorNext job FACULTY POSITION IN ACCOUNTING Employer KAIST C,https://kr.linkedin.com/jobs/view/faculty-position-in-accounting-at-american-accounting-association-4460229545,LinkedIn,2026-09-27,2026-09-27,Active,37.5560719,126.9723599,b375b903f387500e
Assistant Professor / Associate Professor / Professor Salmon P. Chase Center,"Salmon P. Chase Center for Civics, Culture, and Society, The Ohio State University",Transportation / Civil Engineering,,,,Unspecified,"Columbus, Ohio, US",2026-10-01,2026-10-01,Not specified,"Assistant Professor / Associate Professor / Professor Salmon P. Chase Center Employer Salmon P. Chase Center for Civics, Culture, and Society, The Ohio State University Location Columbus, Ohio Salary",https://jobs.chronicle.com/job/38032148/assistant-professor-associate-professor-professor-salmon-p-chase-center-/,Chronicle,2026-09-27,2026-10-01,Active,40.0067,-83.0305,d88c46dfa3f708ac
Assistant Professor of Molecular Genetics,The Ohio State University Department of Molecular Genetics,Transportation / Civil Engineering,,,,Unspecified,"Columbus, Ohio, US",2026-10-01,2026-10-01,Not specified,"Assistant Professor of Molecular Genetics Employer The Ohio State University Department of Molecular Genetics Location Columbus, Ohio Salary Negotiable Date posted Aug 6, 2026 View more categories Vie",https://jobs.chronicle.com/job/38022704/assistant-professor-of-molecular-genetics/,Chronicle,2026-09-28,2026-10-01,Active,40.0067,-83.0305,0bbb5e0bbc215822
"Assistant Professor, Exercise Physiology and Rehabilitation Science","University of Central Florida, School of Kinesiology and Rehabilitation Sciences",Transportation / Civil Engineering,,,,Unspecified,"Orlando, Florida, US",2026-10-01,2026-10-01,Not specified,"Assistant Professor, Exercise Physiology and Rehabilitation Science Employer University of Central Florida, School of Kinesiology and Rehabilitation Sciences Location Orlando, Florida (US) Salary Nego",https://jobs.chronicle.com/job/38030926/assistant-professor-exercise-physiology-and-rehabilitation-science/,Chronicle,2026-09-28,2026-10-02,Active,28.5421218,-81.379045,83c146dfe223627a
Assistant Professor in Industrial Engineering,California Polytechnic State University - San Luis Obispo,Industrial and Manufacturing Engineering (IME) Department,7,"This is an Industrial Engineering Assistant Professor position seeking AI and data analytics specialization with explicitly listed application areas including transportation, aligning with the candidate's interdisciplinary mobility expertise.","Data Analytics, Artificial Intelligence, Transportation Systems, Operations Research",Tenure-Track,"San Luis Obispo, CA",Priority: 2026-09-30,2026-09-30,"$106,000 - $117,000 per year","This is a tenure-track Assistant Professor role in Industrial Engineering focusing on data analytics and AI with application areas including transportation, requiring a Ph.D. in industrial engineering, operations research, or a closely related field. | Research Topics: Data Analytics, Artificial Intelligence, Transportation Systems, Operations Research",https://jobs.chronicle.com/job/38018328/assistant-professor-industrial-engineering/,Chronicle,2026-09-13,2026-09-13,Active,35.3074623,-120.6646483,78cbe3317d3f9c95
Assistant or Associate Professor of Urban Planning/Geography,Loyola Marymount University,Department of Urban and Environmental Studies,7,This tenure-track position in urban planning and urban geography strongly matches the candidate's M.S. and B.S. background in urban planning and explicitly encourages transportation and land use specializations.,"Transportation and Land Use, Urban Planning, Sustainable Urbanism, Racial and Environmental Justice",Tenure-Track,"Los Angeles, CA",2026-09-30,2026-09-30,"$92,000","This tenure-line position seeks an emerging scholar in urban planning or urban geography with expertise in areas including transportation and land use, requiring a Ph.D. in urban studies, planning, geography, or a closely related field by August 2027. | Research Topics: Transportation and Land Use, Urban Planning, Sustainable Urbanism, Racial and Environmental Justice",https://jobs.chronicle.com/job/38031694/assistant-professor-of-urban-planning-geography/,Chronicle,2026-09-11,2026-10-02,Active,33.9687824,-118.4182021,c13b0c3f0cf09a9e
Professor / Associate Professor / Assistant Professor: (1)a few / (2)1 person or more (woman only),Physics World,Transportation Engineering,,,,Unspecified,"Gifu, Japan",2026-09-30,2026-09-30,Not specified,Job Details The National Institute for Fusion Science (NIFS) in Japan is pleased to announce the opening of the following positions to promote the interdisciplinary nature of fusion science. We would,https://jp.linkedin.com/jobs/view/professor-associate-professor-assistant-professor-1-a-few-2-1-person-or-more-woman-only-at-physics-world-4460253435,LinkedIn,2026-09-27,2026-09-28,Active,37.1960835,-80.4011927,f207f60874517f81
Tenure-Track Assistant Professor of Statistics,Haverford College,Transportation / Civil Engineering,,,,Unspecified,"Haverford, Pennsylvania, US",2026-09-29,2026-09-29,Not specified,"Tenure-Track Assistant Professor of Statistics Employer Haverford College Location Haverford, Pennsylvania, United States Salary Competitive Salary Date posted Jul 30, 2026 View more categories View l",https://jobs.chronicle.com/job/38017766/tenure-track-assistant-professor-of-statistics/,Chronicle,2026-09-28,2026-09-28,Active,40.0071506,-75.3069423,139bc27f2f7867a0
Research Assistant/Associate in Bacterial DNA Replication,Newcastle University,Faculty Medical Sciences,,,,Unspecified,Newcastle upon Tyne,2026-09-29,2026-09-29,Not specified,"Research Assistant/Associate in Bacterial DNA Replication Faculty Medical Sciences Newcastle University Location:
            Newcastle upon Tyne Salary: £33,951 to £36,636",https://www.jobs.ac.uk/job/DSY021/research-assistant-associate-in-bacterial-dna-replication,Jobs.ac.uk,2026-09-27,2026-09-29,Active,54.9801751,-1.6146802,e92871acf5683165
Assistant Professor of Mechanical Engineering,Montana State University,Mechanical and Industrial Engineering,,,,Unspecified,"Bozeman, Montana","Sep. 28, 2026",2026-09-28,Not specified,"University Job: Assistant Professor of Mechanical Engineering, Montana State University Showing jobs in Engineering . Looking for other jobs? Academic Keys (home page) Adjuncts Agriculture Business Co",https://engineering.academickeys.com/job/ruoe4wlz/Assistant-Professor-of-Mechanical-Engineering,AcademicKeys,2026-09-29,2026-10-02,Active,45.6639222,-111.079277,735f106baf0ccc18
Assistant/Associate/Full Professor,Auburn University,Transportation / Civil Engineering,,,,Unspecified,"Auburn, Alabama, US",2026-09-16,2026-09-16,Not specified,"Assistant/Associate/Full Professor Employer Auburn University Location Auburn, Alabama, United States Salary Competitive Salary Date posted Jun 25, 2026 View more categories View less categories Posit",https://jobs.chronicle.com/job/38006801/assistant-associate-full-professor/,Chronicle,2026-10-01,2026-10-02,Active,32.5919529,-85.4959775,aa87d514aaef1b11
Assistant / Associate Professor of Industrial and Systems Engineering,University of Washington,Industrial & Systems Engineering,6,Assistant Professor position in Systems Engineering that aligns with the candidate's expertise in AI-enabled systems and smart mobility through the lens of cyber-physical and autonomous systems.,"Systems Engineering, Autonomous Systems, Cyber-Physical Systems, AI-Enabled Systems Engineering",Tenure-Track,"Seattle, WA",Priority: 2026-09-15 / Open until filled,2026-09-15,"$12,000 – $17,000 per month (9-month service period)","The Department of Industrial and Systems Engineering at the University of Washington seeks an Assistant or Associate Professor specializing in Systems Engineering, requiring a Ph.D. in Systems Engineering, Industrial Engineering, or a related discipline. | Research Topics: Systems Engineering, Autonomous Systems, Cyber-Physical Systems, AI-Enabled Systems Engineering",https://engineering.academickeys.com/job/g4m97a60/AssistantAssociate-Professor-Industrial-and-Systems-Engineering-Systems-Engineering-Focus,AcademicKeys,2026-09-12,2026-10-02,Active,47.6553,-122.3035,9d5682cf4dbca334
"Senior Lecturer (Biomedical Engineering) University of Western Australia School of Engineering Posted Jul. 28, 2026",Academic Institution,School of Engineering,,,,Unspecified,United States,"Aug. 26, 2026",2026-08-26,Not specified,"University Job: Senior Lecturer (Biomedical Engineering), University of Western Australia Showing jobs in Engineering . Looking for other jobs? Academic Keys (home page) Adjuncts Agriculture Business",http://engineering.academickeys.com/job/sxjqk9ic/Senior-Lecturer-Biomedical-Engineering,AcademicKeys,2026-09-28,2026-10-02,Past Due,7.1438798,125.5990517,520bf89b522e2bfe
Assistant Professor of Information Systems,"California State University, Long Beach","Department of Information Systems, College of Business",3,"The position is housed within a Business School's Information Systems department with a focus on business analytics and cybersecurity, offering very low alignment with the candidate's core specialization in transportation systems engineering.","Artificial Intelligence, Business Analytics, Information Systems",Tenure-Track,"Long Beach, CA",Priority: 2026-08-17 / Final: Open until filled,2026-08-17,"$10,916 to $11,750 per month (anticipated hiring range)","This tenure-track position seeks an Assistant Professor to teach and conduct research in artificial intelligence, business analytics, and cybersecurity, requiring a Ph.D. in business, engineering, or a related science field. | Research Topics: Artificial Intelligence, Business Analytics, Information Systems",https://jobs.chronicle.com/job/38037935/assistant-professor-of-information-systems-2-open-positions-/,Chronicle,2026-10-02,2026-10-02,Active,33.7817709,-118.1152001,3d6c2762d8d6386a
Assistant Professor of Transportation Engineering,South Dakota State University,Department of Civil and Environmental Engineering,9,"This is a tenure-track Assistant Professor position in Transportation Engineering within a Civil and Environmental Engineering department, perfectly aligning with the candidate's core research profile.","Intelligent Transportation Systems, Transportation Data Analytics, Traffic Operations, Resilient Transportation Systems",Tenure-Track,"Brookings, SD",2026-08-16,2026-08-16,"Starting at $92,000","South Dakota State University seeks a tenure-track Assistant Professor in Transportation Engineering to teach undergraduate and graduate courses, advise students, and develop an externally funded research program requiring a Ph.D. in Civil Engineering or a closely related field. | Research Topics: Intelligent Transportation Systems, Transportation Data Analytics, Traffic Operations, Resilient Transportation Systems",https://engineering.academickeys.com/job/m4lk5asr/Assistant-Professor-of-Transportation-Engineering,AcademicKeys,2026-09-11,2026-10-02,Past Due,44.344449,-96.7982371,9b7d5de4753a514b
Assistant Professor (Electrical Engineering & Renewable Energy),Oregon Institute of Technology,Electrical Engineering & Renewable Energy,,,,Unspecified,"Klamath Falls, Oregon","Aug. 5, 2026",2026-08-05,Not specified,"University Job: Assistant Professor (Electrical Engineering & Renewable Energy), Oregon Institute of Technology Showing jobs in Engineering . Looking for other jobs? Academic Keys (home page) Adjuncts",https://engineering.academickeys.com/job/fqg38d2a/Assistant-Professor-Electrical-Engineering--Renewable-Energy,AcademicKeys,2026-09-28,2026-10-02,Past Due,42.2583928,-121.7853992,6a822124d258ac07
Teaching Faculty Position for First-Year Engineering,Florida A&M University - Florida State University College of Engineering,Office of Student Services and Undergraduate Affairs,3,"While the position is a permanent teaching faculty role, it focuses on general first-year engineering instruction and student affairs administration rather than transportation engineering or planning.","Engineering Education, First-Year Engineering Programming, Student Retention and Advising",Non-Tenure Track,"Tallahassee, FL",Priority: 2026-07-06 / Final: Open until filled,2026-07-06,Not specified,"This full-time, non-tenure-track teaching position involves leading first-year engineering laboratories and directing the Engineering Living Learning Community, requiring a Ph.D. in an engineering discipline or engineering education. | Research Topics: Engineering Education, First-Year Engineering Programming, Student Retention and Advising",http://engineering.academickeys.com/job/jvd3l79c/Teaching-Faculty-Position-for-FirstYear-Engineering,AcademicKeys,2026-09-27,2026-10-02,Past Due,30.4380832,-84.2809332,0249d5be9bd5a4a1
Clinical Assistant Professor,Georgia State University,Department of Public Management and Policy,4,"This is a non-tenure-track clinical position in public management and policy focusing on teaching data analytics and urban planning, which is a poor fit for a candidate targeting research-active tenure-track positions in transportation engineering.","Policy Analytics, Urban Planning, Data Visualization, GIS Applications",Non-Tenure Track,"Atlanta, GA",2026-06-15,2026-06-15,"$80,000-$90,000","A non-tenure-track clinical assistant professor position focusing on teaching policy analytics, urban planning, and GIS, requiring a Ph.D. in a related field and university teaching experience. | Research Topics: Policy Analytics, Urban Planning, Data Visualization, GIS Applications",https://jobs.chronicle.com/job/38022215/clinical-assistant-professor-non-tenure-tack/,Chronicle,2026-09-13,2026-10-02,Past Due,33.7535889,-84.3854209,f39f14cbaaf9d6f7
